Name	us_map_img_x	us_map_img_y	color	start_year	1790	1791	1792	1793	1794	1795	1796	1797	1798	1799	1800	1801	1802	1803	1804	1805	1806	1807	1808	1809	1810	1811	1812	1813	1814	1815	1816	1817	1818	1819	1820	1821	1822	1823	1824	1825	1826	1827	1828	1829	1830	1831	1832	1833	1834	1835	1836	1837	1838	1839	1840	1841	1842	1843	1844	1845	1846	1847	1848	1849	1850	1851	1852	1853	1854	1855	1856	1857	1858	1859	1860	1861	1862	1863	1864	1865	1866	1867	1868	1869	1870	1871	1872	1873	1874	1875	1876	1877	1878	1879	1880	1881	1882	1883	1884	1885	1886	1887	1888	1889	1890	1891	1892	1893	1894	1895	1896	1897	1898	1899	1900	1901	1902	1903	1904	1905	1906	1907	1908	1909	1910	1911	1912	1913	1914	1915	1916	1917	1918	1919	1920	1921	1922	1923	1924	1925	1926	1927	1928	1929	1930	1931	1932	1933	1934	1935	1936	1937	1938	1939	1940	1941	1942	1943	1944	1945	1946	1947	1948	1949	1950	1951	1952	1953	1954	1955	1956	1957	1958	1959	1960	1961	1962	1963	1964	1965	1966	1967	1968	1969	1970	1971	1972	1973	1974	1975	1976	1977	1978	1979	1980	1981	1982	1983	1984	1985	1986	1987	1988	1989	1990	1991	1992	1993	1994	1995	1996	1997	1998	1999	2000	2001	2002	2003	2004	2005	2006	2007	2008	2009	2010	2011	2012	2013	2014	2015	2016	2017	2018	2019	2020	2021	2022	2023	2024
Alabama	0	0	4	1819	0	3	19	52	108	194	315	477	684	940	1250	1554	1806	2034	2281	2604	3073	3783	4870	6530	9046	12868	18403	25912	35563	47387	61248	76827	93615	110923	127901	144420	160996	177671	194537	211723	229394	247755	267043	287530	309527	333494	359490	387207	416277	446271	476694	506991	536549	564705	590756	614287	635569	654931	672744	689414	705374	721083	737022	753693	771623	791065	811654	832980	854616	876110	896987	916753	934895	950890	964200	973431	978273	979855	979329	977856	976597	976712	979361	985718	996991	1013431	1034018	1058089	1084961	1113925	1144233	1175097	1205686	1235126	1262504	1288116	1313014	1337407	1361513	1385558	1409777	1434415	1459722	1485961	1513401	1542165	1572075	1602944	1634580	1666783	1699344	1732045	1764661	1796959	1828697	1860380	1892533	1924930	1957339	1989520	2021225	2052199	2082180	2110902	2138093	2163074	2185699	2206499	2226020	2244819	2263462	2282527	2302600	2324279	2348174	2374684	2403443	2433905	2465514	2497699	2529874	2561438	2591776	2620259	2646248	2669501	2690505	2709707	2727565	2744544	2761115	2777755	2794949	2813185	2832960	2854176	2876274	2899068	2922368	2945980	2969708	2993352	3016711	3039577	3061742	3083371	3104762	3125910	3146812	3167461	3187852	3207980	3227841	3247429	3266740	3284495	3299975	3314018	3327469	3341184	3356022	3372854	3392557	3440000	3449846	3497452	3540080	3580769	3627805	3680533	3737204	3782736	3834120	3869444	3900368	3918533	3925263	3934100	3951824	3972520	3991569	4015262	4023842	4030219	4050055	4099156	4154014	4214202	4260229	4296800	4331102	4367935	4404701	4430141	4452173	4467634	4480089	4503491	4530729	4569805	4628981	4672840	4718206	4757938	4779736	4780125	4785437	4799069	4815588	4830081	4841799	4852347	4863525	4874486	4887681	4903185	5005826	5108468	5143033
Alaska	1	0	0	1959	0	0	0	0	0	0	0	0	0	0	0	0	0	0	0	0	0	0	0	0	0	0	0	0	0	0	0	0	0	0	0	0	0	0	0	0	0	0	0	0	0	0	0	0	0	0	0	0	0	0	0	0	0	0	0	0	0	0	0	0	0	0	0	0	0	0	0	0	0	0	0	0	0	0	0	0	0	0	0	0	0	137	775	2236	4750	8399	13077	18478	24112	29337	33426	35970	37164	37242	36501	35263	33844	32541	31631	31376	32052	33691	36054	39035	42513	46341	50347	54322	58032	61214	63592	65188	66249	66843	67042	66922	66565	66050	65457	64867	64356	63748	62869	61797	60609	59380	58181	57081	56147	55444	55036	54885	54901	55070	55375	55803	56338	56968	57678	58453	59278	60064	60779	61490	62266	63179	64303	65714	67495	69733	72524	75923	79901	84434	89492	95045	101054	107474	114255	121334	128643	136488	145158	154538	164493	174868	185489	196156	206652	216740	226167	234796	242751	250163	257177	263951	270650	277453	284544	296000	304328	316494	326494	333232	344696	370973	393115	397363	402191	403544	405315	418493	449606	488418	513704	532496	544269	539310	541984	547160	553290	570193	588736	599432	603308	604412	608569	612968	619932	624779	627963	633714	642337	648414	659286	666946	675302	680300	687455	698895	710231	710249	713910	722128	730443	737068	736283	737498	741456	739700	735139	731545	732475	733406	733536
American Samoa	3	7	5	1900	0	0	0	0	0	0	0	0	0	0	0	0	0	0	0	0	0	0	0	0	0	0	0	0	0	0	0	0	0	0	0	0	0	0	0	0	0	0	0	0	0	0	0	0	0	0	0	0	0	0	0	0	0	0	0	0	0	0	0	0	0	0	0	0	0	0	0	0	0	0	0	0	0	0	0	0	0	0	0	0	0	0	0	0	0	0	0	0	0	0	0	0	0	0	0	0	0	0	0	0	0	0	0	0	0	0	0	0	0	0	0	0	0	0	0	0	0	0	0	0	0	32	181	521	1105	1955	3052	4332	5691	6986	8055	8836	9386	9731	9906	9958	9933	9881	9852	9893	10055	10272	10458	10629	10801	10991	11219	11504	11865	12325	12907	13701	14746	16000	17410	18914	20439	21898	23195	24227	24889	25094	24888	24369	23639	22798	21941	21157	20529	20134	20051	20267	20694	21295	22035	22879	23786	24714	25619	26451	27158	27732	28212	28629	29009	29385	29786	30244	30792	31464	32297	33325	34542	35915	37413	38998	40634	42276	43879	45395	46772	48068	49363	50638	51875	53052	54148	55142	56012	56736	57291	57652	57825	57834	57706	57467	57143	56760	56345	55922	55519	55066	54503	53862	53173	52467	51775	51124	50545	50064	49710	49481	49388	49295	49304
Arizona	2	0	3	1912	0	0	0	0	0	0	0	0	0	0	0	0	0	0	0	0	0	0	0	0	0	0	0	0	0	0	0	0	0	0	0	0	0	0	0	0	0	0	0	0	0	0	0	0	0	0	0	0	0	0	0	0	0	0	0	0	0	0	0	0	0	0	0	0	0	0	0	0	0	0	0	33	176	489	1025	1824	2907	4272	5891	7712	9658	11751	14079	16641	19433	22449	25678	29108	32724	36508	40440	44589	49020	53696	58569	63582	68673	73767	78786	83642	88243	92364	95924	99056	101911	104648	107439	110465	113918	117999	122931	128672	135016	141943	149431	157455	165984	174982	184408	194217	204354	215165	226948	239553	252815	266546	280537	294557	308351	321649	334162	345983	357409	368442	379089	389359	399264	408819	418042	426953	435573	442974	448576	452941	456649	460295	464483	469826	476958	486537	499261	514693	531966	551173	572418	595813	621479	649544	680150	713444	749586	790325	836846	888403	944149	1003108	1064167	1126067	1187408	1246656	1302161	1352520	1398260	1440645	1481054	1520964	1561937	1605621	1653756	1737000	1794912	1896108	2008847	2125281	2224342	2286348	2347976	2427310	2517852	2638582	2737774	2810108	2889860	2968924	3067134	3183539	3308261	3437103	3535183	3622184	3684097	3788576	3915740	4065440	4245089	4432499	4586940	4736990	4883342	5023823	5160586	5273477	5396255	5510364	5652404	5839077	6029141	6167681	6280362	6343154	6392017	6392288	6407172	6472643	6554978	6632764	6730413	6829676	6941072	7044008	7158024	7278717	7355030	7431344	7497004
Arkansas	3	0	4	1836	0	0	0	0	0	0	0	0	0	0	0	2	12	32	65	118	198	316	487	728	1062	1538	2209	3099	4220	5570	7126	8845	10665	12506	14272	15845	17202	18403	19522	20649	21882	23335	25134	27427	30388	34122	38605	43838	49808	56483	63806	71698	80051	88730	97573	106524	115690	125153	135009	145371	156368	168145	180866	194715	209897	227336	247567	270161	294588	320205	346245	371821	395943	417531	435450	448192	455755	459342	460246	459798	459336	460201	463740	471339	484471	503450	527164	555032	586422	620632	656866	694227	731711	768211	802525	835763	869702	904060	938530	972789	1006491	1039271	1070750	1100531	1128210	1152901	1174386	1193290	1210270	1226011	1241221	1256627	1272972	1291022	1311564	1334716	1359783	1386338	1413939	1442126	1470419	1498322	1525319	1550876	1574448	1596299	1617093	1636883	1655724	1673672	1690788	1707134	1722774	1737774	1752203	1765664	1777845	1788952	1799193	1808780	1817926	1826849	1835768	1844904	1854482	1864871	1876054	1887664	1899333	1910688	1921349	1930935	1939062	1945341	1949387	1951283	1951470	1950096	1947311	1943268	1938119	1932016	1925113	1917560	1909511	1899273	1885776	1870094	1853289	1836407	1820474	1806500	1795482	1788408	1786271	1788465	1793608	1801548	1812136	1825226	1840677	1858349	1878102	1913000	1930077	1972028	2018116	2058491	2100385	2158291	2168688	2207228	2241019	2269115	2288738	2293204	2294254	2305766	2319767	2327046	2331988	2342357	2342655	2346354	2356586	2383144	2415984	2456303	2494019	2535399	2572109	2601090	2626289	2651860	2678588	2691571	2705927	2724816	2749686	2781097	2821761	2848650	2874554	2896843	2915918	2916031	2921964	2940667	2952164	2959400	2967392	2978048	2989918	3001345	3009733	3017804	3042768	3067732	3089060
California	4	0	0	1850	0	0	0	0	0	0	0	0	0	0	0	0	0	0	0	0	0	0	0	0	0	0	0	0	0	0	0	0	0	0	0	0	0	0	0	0	0	0	0	0	0	0	0	0	0	0	0	0	0	0	0	326	1702	4716	9886	17593	28025	41146	56676	74082	92597	112898	136238	162437	191172	221965	254187	287064	319686	351033	379994	405404	427172	445871	462207	476981	491070	505414	521007	538907	560247	584737	611169	639352	669073	700097	732163	764983	798243	831602	864694	898125	932608	967902	1003746	1039860	1075946	1111685	1146743	1180769	1213397	1242185	1265969	1286372	1305095	1323897	1344592	1369050	1399218	1437152	1485053	1544226	1613700	1692351	1778957	1872159	1970437	2072092	2175240	2277809	2377548	2472517	2563594	2652781	2742244	2834309	2931458	3036339	3151790	3280860	3426861	3597149	3794054	4013239	4249831	4498314	4752466	5005348	5249339	5476209	5677251	5842477	5973248	6078198	6166535	6247867	6332096	6429396	6550277	6705718	6907387	7155430	7439792	7757398	8104939	8478781	8874909	9288875	9715763	10150174	10586223	11037092	11517111	12021414	12544652	13080962	13623954	14166719	14701842	15221438	15717204	16189714	16646258	17088467	17518148	17937268	18347943	18752425	19153096	19711000	20023181	20345575	20584794	20867737	21172548	21536715	21934505	22350247	22838960	23255069	23800800	24285933	24820007	25360023	25844397	26441107	27102238	27777160	28464250	29218165	29959515	30470736	30974659	31274928	31484435	31696582	32018834	32486010	32987675	33499204	33987977	34479458	34871843	35253159	35574576	35827943	36021202	36250311	36604337	36961229	37253956	37254519	37319502	37638369	37948800	38260787	38596972	38918045	39167117	39358497	39461588	39512223	39238708	38965193	38889770
Colorado	5	0	0	1876	0	0	0	0	0	0	0	0	0	0	0	0	0	0	0	0	0	0	0	0	0	0	0	0	0	0	0	0	0	0	0	0	0	0	0	0	0	0	0	0	0	0	0	0	0	0	0	0	0	0	0	0	0	0	0	0	0	0	0	0	0	138	778	2238	4749	8402	13106	18579	24357	29826	34277	37049	38156	37985	37000	35682	34493	33863	34217	36022	39864	46127	54762	65835	79347	95186	113096	132651	153249	174117	194327	214469	235708	257840	280626	303788	327014	349958	372247	393483	413248	430578	445128	457463	468215	478058	487704	497897	509411	523058	539700	559821	582954	608550	636012	664686	693856	722743	750503	776243	799023	818920	836801	852908	867502	880858	893269	905036	916470	927892	939629	951226	962078	972294	981986	991270	1000263	1009088	1017867	1026725	1035791	1044449	1052218	1059431	1066424	1073539	1081125	1089531	1099116	1110246	1123296	1137686	1152731	1168652	1185682	1204057	1224024	1245838	1269765	1296084	1325088	1357651	1394094	1433882	1476448	1521196	1567488	1614649	1661958	1708658	1753946	1797591	1840215	1882299	1924348	1966891	2010482	2055697	2103140	2166000	2223979	2303502	2404576	2495803	2541318	2586144	2632244	2696007	2766725	2849181	2908803	2977899	3061562	3133634	3169995	3208726	3237448	3260477	3262280	3275815	3307618	3387119	3495939	3613734	3724168	3826653	3919972	4018293	4116639	4226018	4326921	4425687	4490406	4528732	4575013	4631888	4720423	4803868	4889730	4972195	5029196	5029319	5047349	5121108	5192647	5269035	5350101	5450623	5539215	5611885	5691287	5758736	5818173	5877610	5914181
Connecticut	6	0	2	1788	237946	238723	239737	240943	242298	243757	245274	246803	248299	249714	251002	252180	253310	254402	255470	256524	257578	258644	259735	260863	262042	263230	264393	265550	266721	267927	269189	270526	271959	273511	275201	277102	279230	281532	283951	286431	288912	291338	293648	295780	297675	299128	300086	300715	301181	301651	302293	303275	304767	306942	309978	313863	318423	323590	329297	335473	342048	348946	356090	363400	370792	378515	386809	395571	404691	414055	423543	433029	442384	451470	460147	468411	476394	484151	491744	499234	506685	514163	521737	529476	537454	545498	553437	561348	569307	577393	585690	594281	603253	612695	622700	633239	644217	655619	667435	679651	692255	705232	718569	732249	746258	760626	775401	790582	806173	822175	838591	855421	872668	890334	908420	926911	945809	965139	984926	1005195	1025974	1047291	1069173	1091651	1114756	1138895	1164299	1190718	1217891	1245547	1273400	1301151	1328490	1355094	1380631	1405598	1430594	1455425	1479888	1503773	1526869	1548955	1569807	1589200	1606903	1621648	1632915	1641608	1648651	1654979	1661535	1669271	1679147	1692138	1709241	1729755	1752302	1776890	1803530	1832233	1863016	1895893	1930882	1968004	2007280	2049979	2096916	2147404	2200727	2256132	2312826	2369977	2426712	2482114	2535233	2588180	2643106	2699061	2755056	2810061	2863007	2912789	2958273	3000000	3038782	3061448	3069617	3069140	3075784	3084726	3085984	3088729	3094839	3099907	3113174	3128837	3139014	3162355	3180014	3201131	3223741	3247290	3271954	3283404	3291967	3302895	3300712	3309175	3316121	3324144	3336685	3349348	3365352	3386401	3411777	3432835	3458749	3484336	3496094	3506956	3517460	3527270	3545579	3561807	3574097	3574147	3579114	3588283	3594547	3594841	3594524	3587122	3578141	3573297	3571520	3565287	3591231	3617176	3625646
Delaware	0	1	2	1787	59096	59385	59743	60162	60636	61159	61725	62325	62955	63606	64273	65010	65857	66784	67757	68745	69713	70626	71448	72143	72674	73012	73177	73206	73137	73006	72852	72712	72623	72623	72748	72998	73333	73734	74182	74657	75140	75611	76049	76435	76748	76939	77005	76986	76925	76866	76851	76922	77122	77495	78084	78886	79853	80970	82220	83585	85050	86596	88204	89856	91532	93312	95268	97360	99548	101790	104043	106261	108395	110397	112215	113810	115205	116447	117583	118663	119738	120857	122074	123442	125015	126792	128722	130780	132942	135182	137474	139792	142106	144388	146607	148810	151052	153317	155590	157856	160098	162300	164444	166515	168493	170356	172110	173775	175370	176919	178442	179963	181503	183085	184735	186424	188117	189817	191529	193258	195008	196784	198592	200436	202322	204281	206329	208441	210595	212766	214929	217061	219134	221123	223003	224712	226245	227652	228983	230293	231633	233057	234619	236374	238380	240558	242810	245161	247635	250257	253053	256048	259269	262745	266504	270361	274184	278088	282190	286612	291479	296920	303072	310077	318084	327479	338382	350547	363711	377594	391890	406271	420385	433856	446292	457996	469511	480784	491759	502379	512587	522322	531527	540000	550332	565207	573821	579078	583150	588756	592755	594821	598188	598830	594919	595974	599148	605459	611565	618279	627559	636946	647621	658274	669567	683080	694925	706378	717545	729734	740977	751487	763335	774990	786373	795699	806169	818003	830803	845150	859268	871749	883874	891730	897934	897937	899593	907381	915179	923576	932487	941252	948921	956823	965479	973764	1002827	1031890	1044321
District of Columbia	2	7	5	1790	0	31	173	493	1042	1848	2900	4154	5526	6903	8144	9207	10151	10981	11710	12360	12958	13533	14118	14751	15470	16252	17041	17834	18630	19427	20221	21012	21796	22572	23336	24094	24851	25602	26343	27068	27771	28448	29092	29698	30261	30709	31009	31206	31346	31479	31651	31913	32314	32906	33744	34848	36179	37715	39430	41296	43282	45353	47472	49598	51687	53685	55606	57501	59422	61429	63583	65951	68604	71618	75079	79142	83850	89118	94852	100941	107258	113660	119987	126063	131700	136891	141795	146459	150940	155296	159594	163900	168289	172837	177624	182633	187776	193028	198362	203749	209159	214562	219925	225213	230392	235435	240361	245192	249956	254679	259389	264117	268893	273749	278718	283586	288197	292671	297130	301704	306525	311727	317453	323849	331069	339487	349198	359935	371413	383331	395366	407178	418403	428665	437571	444589	449771	453610	456616	459308	462216	465873	470823	477627	486869	498890	513364	529884	548025	567332	587319	607463	627206	645956	663091	679514	696343	713241	729855	745818	760749	774253	785930	795373	802178	805641	805748	803146	798493	792447	785666	778795	772471	767318	763956	762506	762386	763155	764373	765602	766401	766329	764945	762000	755087	750641	743775	733674	720755	710308	696305	681768	670046	655616	638284	636893	634174	632433	633382	634549	638269	636930	630432	624168	605321	600870	597565	595301	589239	580517	572377	567736	565230	570213	572046	574504	573158	568502	567754	567136	570681	574404	580236	592228	601723	601767	605226	619800	634924	650581	662328	675400	685815	694906	701547	705749	692360	678972	686995
Florida	1	1	4	1845	0	0	0	0	0	0	0	0	0	0	0	0	0	0	0	0	0	0	0	0	0	0	0	0	0	0	0	0	0	0	0	137	760	2171	4598	8143	12746	18176	24031	29765	34730	38666	41795	44197	45999	47364	48476	49531	50736	52307	54476	57092	59839	62723	65753	68936	72281	75795	79487	83367	87445	91826	96579	101654	106992	112530	118194	123905	129577	135117	140424	145385	150015	154407	158661	162884	167191	171702	176541	181842	187747	194202	201052	208293	215922	223933	232322	241080	250201	259675	269493	279802	290723	302194	314147	326510	339201	352135	365218	378349	391422	404249	416817	429277	441794	454541	467702	481471	496053	511667	528542	546983	566996	588356	610821	634129	657997	682119	706166	729789	752618	773808	793181	811389	829121	847101	866084	886858	910254	937146	968470	1005306	1047573	1094477	1145153	1198649	1253916	1309806	1365065	1418344	1468211	1513469	1554669	1593010	1629770	1666300	1704014	1744390	1788977	1839407	1897413	1960118	2024277	2091227	2162391	2239288	2323541	2416897	2521241	2638628	2771305	2925867	3105401	3306791	3526462	3760274	4003454	4250567	4495518	4731597	4951560	5152605	5339098	5514507	5682657	5847679	6013978	6186221	6369342	6641000	6845353	7163026	7520324	7927099	8317034	8541660	8695356	8888958	9131554	9470585	9839835	10192775	10471405	10749849	11039925	11351120	11667503	11997282	12306400	12637718	13033307	13369798	13650553	13927185	14239444	14537875	14853360	15186304	15486559	15759421	16047515	16356966	16689370	17004085	17415318	17842038	18166990	18367842	18527305	18652644	18801310	18804564	18845537	19053237	19297822	19545621	19845911	20209042	20613477	20963613	21244317	21477737	22044231	22610726	22975931
Georgia	2	1	4	1788	82547	86610	92039	98695	106427	115055	124365	134102	143967	153621	162686	171352	180076	188852	197675	206540	215445	224385	233360	242367	251407	260152	268393	276314	284111	291997	300192	308932	318466	329057	340989	354520	369588	385991	403512	421908	440913	460237	479562	498545	516823	534410	551646	568636	585494	602346	619322	636563	654216	672438	691391	711365	732379	754196	776563	799212	821857	844198	865921	886696	906185	924346	941453	957636	973032	987783	1002039	1015955	1029692	1043412	1057286	1070144	1081136	1090921	1100176	1109588	1119860	1131704	1145852	1163058	1184109	1209820	1239979	1273830	1310590	1349428	1389466	1429773	1469360	1507191	1542180	1574379	1604840	1633958	1662152	1689856	1717521	1745614	1774616	1805024	1837353	1871562	1907138	1943888	1981614	2020111	2059163	2098547	2138031	2177376	2216331	2255526	2295569	2336169	2377022	2417812	2458215	2497896	2536511	2573706	2609120	2643607	2677985	2711824	2744688	2776130	2805693	2832914	2857325	2878455	2895832	2907619	2913235	2914105	2911671	2907377	2902670	2898991	2897776	2900465	2908505	2921202	2936682	2954641	2974772	2996769	3020321	3045114	3070829	3097142	3123722	3150621	3178216	3206675	3236163	3266854	3298920	3332541	3367899	3405181	3444578	3486228	3530055	3575933	3623731	3673315	3724550	3777295	3831404	3886729	3943115	4000515	4059083	4118979	4180363	4243401	4308266	4375131	4444179	4551000	4605421	4710272	4807151	4906940	4994870	5058535	5126155	5211771	5286148	5391265	5486174	5568346	5649788	5728248	5834943	5962639	6084645	6208479	6316139	6411117	6512602	6653005	6817203	6978240	7157165	7328413	7501069	7685099	7863536	8045965	8227303	8377038	8508256	8622793	8769252	8925922	9155813	9349988	9504843	9620846	9687653	9688729	9711881	9802431	9901430	9972479	10067278	10178447	10301890	10410330	10511131	10617423	10823325	11029227	11145304
Guam	4	7	5	1899	0	0	0	0	0	0	0	0	0	0	0	0	0	0	0	0	0	0	0	0	0	0	0	0	0	0	0	0	0	0	0	0	0	0	0	0	0	0	0	0	0	0	0	0	0	0	0	0	0	0	0	0	0	0	0	0	0	0	0	0	0	0	0	0	0	0	0	0	0	0	0	0	0	0	0	0	0	0	0	0	0	0	0	0	0	0	0	0	0	0	0	0	0	0	0	0	0	0	0	0	0	0	0	0	0	0	0	0	0	0	0	47	269	774	1643	2907	4533	6422	8412	10289	11806	12855	13519	13848	13911	13788	13564	13320	13138	13097	13275	13632	14063	14557	15100	15678	16275	16875	17460	18011	18509	18855	19011	19048	19040	19060	19183	19482	20039	20941	22289	24280	26990	30349	34265	38612	43222	47883	52345	56319	59497	61786	63372	64375	64930	65180	65271	65354	65575	66087	67043	68364	69850	71481	73233	75086	77014	78993	80997	82997	84965	86913	88875	90859	92872	94920	97012	99156	101359	103630	105978	108447	111054	113772	116569	119415	122276	125118	127903	130594	133152	135641	138136	140608	143030	145372	147603	149694	151612	153326	154805	156031	157025	157809	158406	158838	159129	159302	159382	159392	159358	159187	158805	158259	157598	156869	156118	155393	154741	154206	153836	153614	153524	153433	153442
Hawaii	3	1	0	1959	0	0	0	0	0	0	0	0	0	0	0	0	0	0	0	0	0	0	0	0	0	0	0	0	0	0	0	0	0	0	0	0	0	0	0	0	0	0	0	0	0	0	0	0	0	0	0	0	0	0	0	0	0	0	0	0	0	0	0	0	0	0	0	0	0	0	0	0	0	0	0	0	0	0	0	0	0	0	0	0	0	0	0	0	0	0	0	0	0	0	0	0	0	0	0	0	0	0	0	0	0	620	3471	9962	21130	37389	58366	82846	108808	133566	154001	168868	179260	185677	188857	189678	189086	188048	187524	188473	191874	196928	202179	207661	213412	219470	225875	232673	239907	247625	255881	265085	275468	286795	298813	311245	323791	336126	347904	358756	368300	376363	383182	388985	394018	398534	402795	407068	411629	416756	422737	429250	435822	442526	449437	456633	464195	472204	480746	489912	499794	510595	522365	534962	548237	562033	576185	590522	604860	619009	632772	646056	659002	671748	684444	697242	710301	723788	737874	743000	762920	791580	818104	841851	858121	875052	892335	915749	928816	950050	967710	978195	993780	1012717	1027922	1039698	1051762	1067917	1079827	1094588	1113491	1136754	1158613	1172838	1187536	1196854	1203755	1211640	1215233	1210300	1213519	1225948	1239613	1251154	1273569	1292729	1309731	1315675	1332213	1346717	1360301	1360307	1363963	1379329	1394804	1408243	1414538	1422052	1427559	1424393	1420593	1415872	1425505	1435138	1430877
Idaho	4	1	0	1890	0	0	0	0	0	0	0	0	0	0	0	0	0	0	0	0	0	0	0	0	0	0	0	0	0	0	0	0	0	0	0	0	0	0	0	0	0	0	0	0	0	0	0	0	0	0	0	0	0	0	0	0	0	0	0	0	0	0	0	0	0	0	0	0	0	0	0	0	0	0	0	57	312	886	1871	3318	5218	7499	10027	12606	14999	17062	18842	20386	21763	23064	24394	25872	27629	29817	32610	36081	40163	44833	50055	55775	61920	68396	75087	81856	88548	95016	101294	107492	113740	120184	126989	134336	142429	151490	161772	173751	187590	203058	219873	237694	256117	274676	292839	310022	325594	339799	353291	366030	377980	389114	399407	408841	417402	425078	431866	436985	439964	441274	441402	440842	440089	439637	439978	441609	445031	450226	456679	464161	472441	481280	490431	499637	508630	517137	524873	531903	538546	544886	551015	557024	563006	569060	575282	581773	588637	595997	603827	611997	620375	628827	637213	645390	653211	660529	667190	672401	675856	678147	679872	681635	684045	687713	693260	707000	717255	738749	763229	782061	807973	831981	856979	883446	910962	932636	947983	962204	973719	981866	990841	994052	990222	984997	985661	994422	1012384	1041316	1071685	1108768	1145140	1177322	1203083	1228520	1252330	1275674	1299430	1319962	1340372	1363380	1391802	1428241	1468669	1505105	1534320	1554439	1567582	1567657	1570746	1583910	1595324	1611206	1631112	1651059	1682380	1717715	1750536	1787065	1875895	1964726	1990456
Illinois	5	1	1	1818	0	8	42	117	246	439	703	1042	1453	1929	2458	3019	3608	4239	4930	5706	6599	7649	8904	10424	12281	14525	17167	20237	23760	27759	32248	37239	42734	48729	55211	62018	69074	76511	84493	93215	102907	113837	126318	140713	157445	177299	200707	227548	257600	290518	325819	362876	400917	439032	476183	511359	544684	576841	608642	641009	674974	711675	752368	798448	851470	913121	983468	1061660	1146657	1237202	1331794	1428682	1525865	1621104	1711950	1799810	1887576	1974880	2061345	2146579	2230177	2311730	2390816	2467013	2539891	2607041	2667205	2721754	2772153	2819940	2866721	2914157	2963965	3017921	3077871	3142555	3209458	3278597	3349986	3423639	3499571	3577796	3658326	3741174	3826352	3915697	4010366	4109309	4211422	4315545	4420456	4524876	4627468	4726840	4821550	4911442	4997744	5081071	5162073	5241422	5319815	5397974	5476642	5556585	5638591	5720957	5801896	5882100	5962280	6043168	6125516	6210097	6297703	6389151	6485280	6590421	6706338	6829972	6958156	7087605	7214910	7336544	7448871	7548168	7630653	7692450	7734961	7762398	7779055	7789276	7797429	7807893	7825062	7853355	7897240	7953454	8015625	8083623	8157320	8236589	8321307	8411349	8506591	8606908	8712176	8826568	8952759	9088328	9230789	9377583	9526068	9673515	9817117	9953983	10081158	10202143	10321819	10439231	10553407	10663355	10768067	10866522	10957686	11039000	11124681	11205816	11258111	11260248	11273745	11306351	11360274	11406312	11434421	11422782	11434702	11443461	11423413	11408817	11412128	11399803	11387256	11391176	11390186	11409782	11453316	11568964	11694184	11809579	11912585	12008437	12101997	12185715	12271847	12359020	12434161	12488445	12525556	12556006	12589773	12609903	12643955	12695866	12747038	12796778	12830632	12831572	12840503	12867454	12882510	12895129	12884493	12858913	12820527	12778828	12723071	12671821	12610755	12549689	12516863
Indiana	6	1	1	1816	0	7	37	98	202	363	596	919	1351	1914	2631	3492	4483	5637	7003	8641	10632	13076	16097	19848	24520	30441	37871	46890	57523	69730	83390	98297	114162	130608	147178	163760	180625	197862	215590	233964	253167	273412	294947	318049	343031	370446	400461	432792	467090	502938	539845	577253	614531	650985	685866	718867	750368	780638	809989	838768	867354	896157	925618	956205	988416	1022233	1057167	1093023	1129593	1166652	1203961	1241266	1278302	1314787	1350428	1385280	1419619	1453478	1486895	1519910	1552568	1584916	1617007	1648894	1680637	1712297	1743833	1775137	1806101	1836613	1866559	1895822	1924281	1951815	1978300	2002936	2025356	2046099	2065719	2084784	2103871	2123570	2144482	2167217	2192404	2220652	2251708	2284900	2319538	2354912	2390291	2424919	2458022	2488806	2516462	2540713	2562185	2581416	2598959	2615379	2631246	2647140	2663645	2681357	2700876	2721608	2742607	2763956	2785739	2808039	2830945	2854542	2878921	2904173	2930390	2958368	2988486	3020196	3052942	3086156	3119257	3151653	3182738	3211896	3238503	3261136	3279603	3295132	3308969	3322373	3336614	3352971	3372741	3397235	3427796	3464032	3504417	3548607	3596253	3647002	3700490	3756345	3814185	3873613	3934224	3998193	4067261	4140325	4216245	4293840	4371883	4449105	4524190	4595785	4662498	4725286	4786020	4844661	4901172	4955517	5007663	5057580	5105237	5143000	5203700	5249921	5296129	5329122	5349886	5351080	5371552	5405075	5446403	5474909	5490721	5480440	5467918	5450396	5458322	5459214	5454103	5473023	5491733	5523679	5557798	5616388	5674547	5739019	5793526	5851459	5906013	5955267	5998880	6044969	6091866	6127760	6155967	6196638	6233007	6278616	6332669	6379599	6424806	6459325	6483802	6484051	6490432	6516528	6537703	6568713	6593644	6608422	6634304	6658078	6695497	6732219	6797209	6862199	6892124
Iowa	0	2	1	1846	0	0	0	0	0	0	0	0	0	0	0	0	0	0	0	0	0	0	0	0	0	0	0	0	0	0	0	0	0	0	0	0	0	0	0	0	0	0	0	0	0	150	776	2143	4488	7991	12757	18796	26018	34224	43112	52482	62436	73100	84664	97382	111575	127635	146035	167338	192213	221904	257136	297772	343479	393695	447607	504138	561953	619475	674913	728605	782091	835258	888019	940313	992097	1043352	1094076	1144288	1194020	1242888	1290458	1336710	1381641	1425256	1467574	1508625	1548449	1587093	1624614	1659971	1692398	1722402	1750519	1777306	1803347	1829239	1855601	1883069	1912297	1944246	1978829	2015117	2052149	2088928	2124421	2157562	2187258	2212396	2231853	2244065	2249233	2248905	2244652	2238053	2230685	2224115	2219901	2219599	2224770	2235459	2250085	2267793	2287724	2309004	2330746	2352046	2371983	2389623	2404020	2415391	2424806	2432603	2439126	2444718	2449727	2454502	2459395	2464755	2470939	2477587	2484137	2490631	2497114	2503630	2510223	2516939	2523821	2530915	2538267	2545678	2552991	2560313	2567754	2575422	2583429	2591886	2600903	2610594	2621073	2632798	2645916	2660072	2674906	2690055	2705152	2719826	2733700	2746398	2757536	2766999	2775105	2782128	2788345	2794033	2799473	2804945	2810730	2805000	2828534	2851828	2860506	2864031	2867941	2881425	2903770	2914308	2919008	2916803	2914018	2907985	2888190	2870547	2858615	2829684	2791969	2767006	2768393	2770590	2781018	2797613	2818401	2836972	2850746	2867373	2880000	2891119	2902872	2917634	2929067	2931997	2934234	2941999	2953635	2964454	2982644	2999212	3016734	3032870	3046355	3046871	3050745	3066336	3076190	3092997	3109350	3120960	3131371	3141550	3148618	3155070	3181037	3207004	3214315
Kansas	1	2	1	1861	0	0	0	0	0	0	0	0	0	0	0	0	0	0	0	0	0	0	0	0	0	0	0	0	0	0	0	0	0	0	0	0	0	0	0	0	0	0	0	0	0	0	0	0	0	0	0	0	0	0	0	0	0	0	0	0	0	0	0	0	0	388	2056	5741	12067	21446	34012	49570	67587	87190	107206	127154	147498	168373	190034	212847	237277	263901	293401	326585	364399	408572	459859	517688	581221	649318	720513	793018	864734	933291	996095	1053798	1108698	1160580	1209263	1254600	1296478	1334812	1369545	1400646	1428108	1449001	1461473	1467228	1468038	1465712	1462066	1458913	1458058	1461309	1470495	1485554	1504607	1526779	1551178	1576888	1602963	1628426	1652271	1673463	1690948	1704687	1715687	1724468	1731564	1737512	1742858	1748152	1753944	1760792	1769256	1779875	1792379	1806125	1820459	1834716	1848224	1860299	1870249	1877381	1880999	1879947	1874297	1865205	1853827	1841315	1828803	1817414	1808255	1802426	1801027	1803248	1807488	1813669	1821718	1831562	1843132	1856358	1871173	1887509	1905299	1926260	1951485	1979953	2010624	2042425	2074254	2104971	2133405	2158357	2178611	2193881	2205199	2213324	2219028	2223096	2226316	2229478	2233377	2236000	2247823	2246132	2255525	2264369	2267881	2278621	2298645	2317836	2332815	2347370	2369039	2384853	2401207	2415529	2424088	2427401	2432614	2445367	2461995	2472838	2481349	2498722	2532394	2556547	2580513	2601007	2614554	2635292	2660598	2678338	2693681	2702162	2713535	2723004	2734373	2745299	2762931	2783785	2808076	2832704	2853118	2853123	2858190	2869225	2885257	2893212	2900475	2909011	2910844	2908718	2911359	2913314	2926930	2940546	2944376
Kentucky	2	2	4	1792	73676	80311	89368	100745	114296	129800	146932	165245	184169	203009	220958	238453	256461	274893	293652	312631	331715	350780	369694	388319	406511	424174	441326	457987	474189	489970	505374	520452	535259	549859	564317	578474	592145	605356	618138	630525	642555	654266	665700	676902	687916	698098	707013	715035	722551	729956	737657	746065	755603	766707	779828	795293	812883	832232	852958	874662	896925	919305	941338	962539	982405	1001147	1019370	1037145	1054545	1071650	1088540	1105299	1122016	1138780	1155684	1171968	1187092	1201491	1215612	1229914	1244867	1260950	1278660	1298504	1321011	1347048	1376653	1409110	1443673	1479559	1515948	1551975	1586739	1619300	1648690	1674651	1697948	1719135	1738787	1757497	1775871	1794532	1814111	1835257	1858634	1884695	1913052	1943109	1974254	2005855	2037259	2067793	2096764	2123465	2147174	2167773	2185888	2201909	2216237	2229279	2241451	2253172	2264868	2276967	2289905	2302948	2315236	2327017	2338542	2350061	2361832	2374112	2387162	2401245	2416630	2433301	2450989	2469576	2488941	2508965	2529524	2550494	2571747	2593156	2614589	2636860	2660574	2685273	2710493	2735760	2760591	2784495	2806974	2827521	2845627	2861086	2874287	2885608	2895431	2904144	2912137	2919804	2927539	2935740	2944806	2954003	2962509	2970592	2978520	2986566	2995001	3004101	3014140	3025398	3038156	3051498	3064631	3078016	3092121	3107418	3124383	3143499	3165256	3198000	3230587	3298262	3336106	3371573	3417039	3468755	3530443	3575001	3611382	3643655	3664221	3670395	3683449	3694469	3695459	3694816	3687805	3683330	3680002	3677318	3694048	3722328	3765469	3812206	3849088	3887427	3919535	3952747	3985390	4018053	4049021	4068132	4089875	4117170	4146101	4182742	4219239	4256672	4289878	4317074	4339367	4339333	4348181	4369821	4386346	4404659	4414349	4425976	4438182	4452268	4461153	4467673	4496913	4526154	4540745
Louisiana	3	2	4	1812	0	0	0	0	0	0	0	0	0	0	0	295	1617	4591	9705	17202	27018	38750	51652	64680	76556	86980	96539	105233	113130	120355	127075	133495	139847	146390	153406	160325	166489	172090	177346	182489	187767	193443	199794	207119	215739	225744	236930	249187	262391	276402	291065	306203	321619	337100	352411	367700	383282	399149	415297	431721	448415	465372	482586	500052	517761	536418	556458	577452	598937	620415	641352	661182	679312	695127	708001	716651	720893	721792	720443	717952	715423	713954	714639	718581	726915	739825	756323	775811	797675	821271	845919	870896	895437	918735	939946	959132	977134	994262	1010843	1027214	1043725	1060739	1078627	1097777	1118588	1141134	1165087	1190250	1216415	1243366	1270876	1298710	1326619	1354347	1381624	1409192	1437743	1466927	1496378	1525715	1554542	1582450	1609017	1633810	1656387	1675726	1691640	1704956	1716523	1727206	1737884	1749444	1762787	1778829	1798508	1822042	1848644	1877758	1908814	1941224	1974380	2007655	2040399	2071941	2101593	2129416	2156120	2181979	2207273	2232293	2257334	2282700	2308701	2335652	2363880	2392403	2420342	2448180	2476415	2505554	2536118	2568641	2603668	2641765	2683516	2730477	2783057	2840097	2900401	2962719	3025749	3088132	3148455	3205254	3257022	3303127	3344630	3382568	3418009	3452050	3485812	3520439	3557098	3619000	3650209	3710666	3761967	3788840	3820720	3886963	3951636	4015582	4073288	4139316	4223101	4283297	4352609	4395311	4400474	4408113	4406922	4344151	4288859	4252896	4221532	4253279	4293003	4316428	4347481	4378779	4398877	4421071	4440344	4460811	4471885	4477875	4497267	4521042	4552238	4576628	4302665	4375581	4435586	4491648	4533372	4533487	4544532	4575625	4600972	4624527	4644013	4664628	4678135	4670560	4659690	4648794	4611271	4573749	4559475
Maine	5	2	2	1820	0	0	0	0	0	0	0	0	0	0	0	0	0	0	0	0	0	0	0	0	0	0	0	0	0	0	0	0	0	0	298335	307029	316264	325965	336051	346436	357030	367734	378446	389058	399454	409776	420212	430715	441238	451729	462135	472402	482474	492290	501793	511043	520127	529015	537677	546083	554201	562000	569449	576516	583169	589444	595386	600971	606179	610987	615373	619316	622796	625790	628279	629955	630664	630617	630026	629102	628059	627108	626459	626324	626915	628204	629959	632083	634477	637042	639680	642290	644770	647019	648936	650463	651675	652665	653522	654340	655211	656228	657484	659071	661086	663485	666152	669065	672201	675539	679055	682729	686537	690457	694466	698745	703424	708397	713559	718803	724019	729097	733923	738386	742370	745845	748908	751636	754108	756403	758599	760778	763019	765404	768014	770711	773336	775935	778555	781244	784051	787023	790209	793659	797423	801484	805786	810315	815058	820001	825130	830431	835890	841493	847225	853225	859588	866233	873082	880052	887060	894023	900854	907467	913774	919930	926113	932263	938320	944223	949911	955322	960394	965062	969265	972426	974286	975257	975752	976186	976975	978535	981284	992000	996784	1015677	1034817	1046420	1060050	1073280	1089960	1105369	1115457	1124927	1126860	1133033	1136683	1144772	1155634	1162935	1170126	1184577	1203840	1219961	1231719	1237081	1238508	1242302	1242662	1243480	1249060	1254774	1259127	1266808	1277072	1285692	1295960	1306513	1313688	1318787	1323619	1327040	1330509	1329590	1328361	1328358	1327629	1328284	1327729	1328009	1330513	1328262	1331317	1334612	1339057	1344212	1369967	1395722	1402106
Maryland	6	2	2	1788	319728	320937	322408	324123	326065	328219	330566	333089	335772	338598	341547	344769	348369	352264	356371	360604	364877	369100	373182	377029	380546	383692	386538	389155	391617	393998	396372	398817	401410	404227	407350	410845	414673	418752	422997	427322	431641	435864	439900	443656	447039	449671	451430	452611	453513	454436	455681	457552	460355	464403	470018	477430	486470	496869	508353	520636	533418	546386	559210	571545	583033	593915	604676	615321	625856	636285	646613	656847	666993	677058	687049	696660	705704	714364	722832	731303	739978	749061	758763	769300	780894	793855	808159	823526	839664	856272	873036	889628	905712	920936	934943	947594	959153	969859	979959	989706	999359	1009182	1019444	1030419	1042389	1055475	1069469	1084165	1099349	1114804	1130304	1145617	1160508	1174733	1188044	1200239	1211443	1221898	1231849	1241548	1251250	1261215	1271707	1282992	1295345	1308667	1322630	1337173	1352232	1367741	1383634	1399843	1416299	1432929	1449660	1466648	1484060	1501840	1519929	1538267	1556795	1575450	1594167	1612881	1631526	1648880	1664312	1678647	1692730	1707418	1723586	1742123	1763944	1789991	1821243	1857816	1898908	1944154	1993175	2045579	2100952	2158858	2218832	2280386	2343001	2407980	2476705	2548723	2623554	2700688	2779581	2859656	2940301	3020871	3100689	3182397	3268229	3356810	3446688	3536333	3624135	3708415	3787425	3868000	3938051	4022507	4081121	4109038	4133341	4157208	4172132	4194639	4211641	4223398	4227643	4261905	4282923	4313329	4365246	4413072	4486956	4565558	4657903	4727303	4799770	4867641	4923368	4971889	5023060	5070033	5111986	5157328	5204464	5254509	5311034	5374691	5440389	5496269	5546935	5592379	5627367	5653408	5684965	5730388	5773552	5773794	5788645	5839419	5886992	5923188	5957283	5985562	6003323	6023868	6035802	6045680	6112966	6180253	6196525
Massachusetts	0	3	2	1788	475326	480777	487809	496221	505801	516333	527584	539307	551236	563089	574564	586004	597920	610245	622901	635808	648877	662011	675107	688057	700745	712927	724557	735820	746908	758024	769376	781183	793668	807067	523287	530295	537685	545456	553606	562134	571039	580321	589977	600006	610407	620905	631348	641931	652854	664325	676556	689772	704204	720095	737699	757573	779856	804175	830131	857302	885238	913455	941440	968649	994513	1019298	1043691	1067738	1091490	1115001	1138329	1161534	1184679	1207833	1231065	1253853	1275807	1297209	1318349	1339531	1361067	1383278	1406498	1431070	1457350	1485079	1513777	1543481	1574231	1606069	1639035	1673174	1708531	1745152	1783085	1822527	1863590	1906187	1950226	1995610	2042238	2090002	2138788	2188478	2238947	2290811	2344587	2399984	2456694	2514394	2572746	2631395	2689971	2748088	2805346	2862206	2919311	2976515	3033667	3090610	3147185	3203225	3258561	3313017	3366416	3418798	3470327	3521005	3570834	3619819	3667967	3715285	3761782	3807469	3852356	3897344	3942913	3988430	4033247	4076703	4118124	4156824	4192108	4223273	4249613	4268762	4280066	4285409	4286699	4285852	4284784	4285414	4289660	4299448	4316721	4340978	4369965	4403016	4439458	4478613	4519791	4562290	4605398	4648386	4690513	4732429	4775267	4819006	4863625	4909103	4955417	5002545	5050464	5099149	5148577	5201225	5258550	5318977	5380898	5442668	5502601	5558980	5610052	5650000	5703706	5738589	5762122	5783809	5776992	5762138	5748868	5744097	5742923	5746188	5746075	5768685	5771222	5799405	5840774	5880734	5902677	5935205	5979983	6015478	6022639	6018470	6028709	6060569	6095241	6141445	6179756	6226058	6271838	6317345	6361104	6397634	6417206	6422565	6412281	6403290	6410084	6431559	6468967	6517613	6547629	6547785	6566307	6613583	6663005	6713315	6762596	6794228	6823608	6859789	6882635	6892503	6946951	7001399	7020058
Michigan	1	3	1	1837	0	15	84	242	514	909	1420	2017	2650	3255	3757	4120	4370	4521	4593	4610	4597	4579	4584	4635	4761	4908	5017	5110	5210	5341	5527	5798	6182	6719	7451	8261	9035	9852	10806	12007	13592	15730	18640	22606	28004	35583	45969	59360	75809	95160	117012	140698	165286	189601	212266	232730	251565	269065	285630	301747	317976	334946	353355	373971	397654	424466	453757	485361	519078	554664	591837	630265	669574	709345	749113	789280	830517	872716	915762	959529	1003881	1048670	1093742	1138929	1184059	1229103	1274159	1319235	1364345	1409505	1454737	1500065	1545518	1591130	1636937	1683276	1730284	1777681	1825173	1872452	1919193	1965062	2009709	2052775	2093890	2132315	2167914	2201234	2232844	2263336	2293319	2323423	2354290	2386583	2420981	2455465	2488191	2520137	2552313	2585750	2621510	2660683	2704396	2753819	2810173	2873848	2944039	3020200	3101762	3188127	3278661	3372693	3469508	3568348	3668412	3774576	3890687	4014246	4142593	4272893	4402129	4527108	4644475	4750743	4842325	4914784	4968772	5008445	5038107	5062159	5085059	5111311	5145466	5192150	5256105	5335848	5425895	5525101	5632294	5746260	5865743	5989432	6115960	6243900	6371766	6503792	6644048	6790691	6941797	7095354	7249257	7401314	7549241	7690679	7823194	7949073	8071887	8191076	8306069	8416288	8521145	8620050	8712406	8781000	8896558	8971835	9024681	9071764	9109374	9107840	9117481	9157247	9201953	9248814	9255553	9209287	9115196	9047764	9049454	9076287	9127774	9187484	9218002	9253298	9311319	9400446	9479065	9540114	9597737	9676211	9758645	9809051	9847942	9897116	9952450	9991120	10015710	10041152	10055315	10051137	10036081	10001284	9946889	9901591	9883640	9884116	9877510	9882412	9897145	9913065	9929848	9931715	9950571	9973114	9984072	9986857	10012059	10037261	10041241
Minnesota	2	3	1	1858	0	0	0	0	0	0	0	0	0	0	0	0	0	0	0	0	0	0	0	0	0	0	0	0	0	0	0	0	0	0	0	0	0	0	0	0	0	0	0	0	0	0	0	0	0	0	0	0	0	0	0	12	41	90	172	321	595	1094	1984	3519	6077	10312	16942	26489	39316	55557	75065	97383	121742	147067	172023	196513	221400	246650	272275	298332	324916	352161	380233	409336	439706	470732	501742	532936	564549	596854	630159	664806	701174	739678	780773	825277	873380	924569	978261	1033793	1090421	1147322	1203593	1258259	1310283	1359927	1408193	1455110	1500727	1545104	1588317	1630450	1671600	1711876	1751394	1789389	1825217	1859198	1891670	1922988	1953523	1983659	2013793	2044335	2075707	2108030	2140940	2174134	2207300	2240118	2272256	2303376	2333130	2361166	2387124	2410378	2430898	2449226	2465919	2481541	2496667	2511879	2527765	2544921	2563953	2584780	2606749	2629608	2653097	2676956	2700918	2724712	2748061	2770685	2792300	2811936	2829326	2845244	2860474	2875809	2892050	2910009	2930507	2954380	2982482	3015478	3052932	3094051	3138030	3184040	3231230	3278722	3325615	3370979	3413863	3455266	3496701	3537972	3578879	3619218	3658781	3697356	3734725	3758000	3815249	3851901	3866878	3885164	3898450	3925793	3956602	3979844	4004676	4038150	4085017	4111733	4131450	4141458	4157704	4184301	4205213	4235136	4296163	4338056	4389857	4440859	4495572	4555954	4610355	4660180	4712827	4763390	4813412	4873481	4933692	4982796	5018935	5053572	5087713	5119598	5163555	5207203	5247018	5281203	5303925	5303927	5310828	5346143	5376643	5413479	5451079	5482032	5522744	5566230	5606249	5639632	5688773	5737915	5761530
Mississippi	3	3	4	1817	0	26	139	386	810	1442	2297	3374	4648	6078	7600	9218	10990	12919	15009	17264	19693	22302	25100	28097	31306	34744	38422	42336	46479	50842	55412	60176	65117	70214	75447	80439	84956	89218	93475	98002	103104	109114	116407	125410	136621	150770	168119	188479	211571	237002	264240	292610	321292	349331	375651	400531	424996	449029	472628	495804	518579	540989	563079	584903	606526	628077	649513	670638	691241	711107	730011	747720	763999	778607	791305	800396	805098	806578	806033	804669	803692	804307	807722	815168	827921	846860	871314	900281	932714	967499	1003437	1039236	1073515	1104811	1131597	1153691	1172399	1188421	1202488	1215359	1227811	1240640	1254656	1270691	1289600	1311301	1334917	1360125	1386589	1413961	1441880	1469969	1497836	1525076	1551270	1577650	1605344	1633744	1662225	1690136	1716807	1741549	1763659	1782420	1797114	1806072	1809045	1807467	1802788	1796464	1789943	1784665	1782061	1783563	1790618	1803277	1820107	1840338	1863194	1887886	1913605	1939521	1964782	1988513	2009820	2029929	2050428	2070957	2091147	2110625	2129007	2145909	2160937	2173697	2183796	2190684	2194444	2195628	2194796	2192509	2189331	2185822	2182544	2180055	2178914	2178493	2177866	2177140	2176419	2175810	2175419	2175350	2175710	2176605	2178141	2179268	2179296	2178864	2178611	2179180	2181210	2185346	2192234	2220000	2221128	2265529	2307291	2349802	2378603	2399924	2430324	2459810	2488033	2507967	2525342	2539032	2556776	2567719	2578053	2588103	2593596	2588545	2580349	2574272	2578897	2598733	2623734	2655100	2688992	2722659	2748085	2777004	2804834	2828408	2848353	2852994	2858681	2868312	2889010	2905943	2904978	2928350	2947806	2958774	2967297	2968130	2970548	2978731	2983816	2988711	2990468	2988471	2987938	2988510	2981020	2976149	2957919	2939690	2940452
Missouri	4	3	1	1821	0	0	0	0	0	0	0	0	0	0	0	71	380	1062	2232	3967	6290	9165	12490	16102	19782	23511	27433	31541	35840	40337	45050	49999	55215	60730	66586	72450	78055	83567	89186	95143	101698	109145	117820	128108	140455	155417	173164	193576	216469	241571	268514	296827	325932	355148	383701	411369	438628	465730	492976	520714	549335	579274	611010	645074	682044	722388	765972	812482	861551	912759	965625	1019611	1074117	1128487	1182012	1235324	1289421	1344086	1399086	1454174	1509087	1563549	1617273	1669958	1721295	1770553	1817491	1862548	1906196	1948935	1991294	2033827	2077113	2121754	2168380	2217099	2267362	2318816	2371093	2423804	2476548	2528902	2580430	2630680	2679184	2726752	2774272	2821380	2867697	2912837	2956402	2997984	3037170	3073539	3106665	3135979	3161529	3183819	3203368	3220706	3236373	3250915	3264884	3278836	3293335	3307065	3318706	3328810	3337940	3346659	3355534	3365135	3376036	3388814	3404055	3422119	3442625	3465042	3488830	3513446	3538339	3562948	3586706	3609039	3629367	3647755	3664827	3680834	3696030	3710670	3725013	3739321	3753855	3768880	3784664	3800223	3814731	3828696	3842628	3857041	3872455	3889391	3908379	3929952	3954653	3983012	4014805	4049440	4086317	4124828	4164355	4204266	4243918	4282655	4319813	4356354	4393504	4430970	4468455	4505656	4542266	4577974	4612463	4640000	4684768	4722703	4753234	4774601	4785391	4795383	4823554	4845042	4871171	4889327	4921966	4932069	4929456	4943735	4975276	5000260	5023055	5056702	5081737	5095844	5128880	5170800	5217101	5271175	5324497	5378247	5431553	5481193	5521765	5561948	5607285	5641142	5674825	5709403	5747741	5790300	5842704	5887612	5923916	5961088	5988927	5988950	5995974	6010275	6024367	6040715	6056202	6071732	6087135	6106670	6121623	6137428	6166792	6196156	6215144
Montana	5	3	0	1889	0	0	0	0	0	0	0	0	0	0	0	0	0	0	0	0	0	0	0	0	0	0	0	0	0	0	0	0	0	0	0	0	0	0	0	0	0	0	0	0	0	0	0	0	0	0	0	0	0	0	0	0	0	0	0	0	0	0	0	0	0	0	0	0	0	0	0	0	0	0	0	79	438	1246	2636	4672	7333	10503	13975	17456	20595	23101	24988	26377	27436	28360	29363	30672	32539	35252	39158	44563	51487	59895	69702	80750	92795	105503	118448	131116	142924	153808	164170	174094	183693	193100	202471	211980	221817	232190	243329	255078	267132	279501	292198	305236	318629	332390	346537	361085	376053	392242	410152	429312	449204	469260	488862	507343	523999	538097	548889	555745	558965	559223	557223	553682	549316	544832	540927	538290	537606	538398	539689	541407	543482	545844	548422	551144	553939	556734	559456	561990	564351	566652	569010	571543	574369	577607	581380	585810	591024	597437	605171	613908	623326	633091	642860	652280	660986	668608	674766	679129	681876	683408	684130	684451	684779	685527	687103	694000	697172	711037	719138	727389	737203	749208	758521	771354	784043	789167	788752	795325	803984	814029	820904	822320	813738	805064	800200	799634	800204	809680	825770	844761	861306	876553	886254	889865	892431	897507	903773	906961	911667	919630	930009	940102	952692	964706	976415	983982	989415	989407	990697	997316	1003783	1013569	1021869	1030475	1040859	1052482	1060665	1068778	1100795	1132812	1142746
Nebraska	6	3	1	1867	0	0	0	0	0	0	0	0	0	0	0	0	0	0	0	0	0	0	0	0	0	0	0	0	0	0	0	0	0	0	0	0	0	0	0	0	0	0	0	0	0	0	0	0	0	0	0	0	0	0	0	0	0	0	0	0	0	0	0	0	0	101	525	1452	3044	5418	8639	12705	17539	22992	28841	34906	41224	47888	55042	62880	71646	81639	93223	106833	122993	142143	164411	189890	218619	250570	285648	323674	364387	407441	452402	502064	558958	621952	689564	759928	830789	899529	963217	1018689	1062656	1092458	1109019	1114653	1111895	1103384	1091779	1079709	1069752	1064439	1066300	1073860	1083665	1095304	1108363	1122420	1137045	1151796	1166219	1179850	1192214	1203662	1214871	1225843	1236583	1247093	1257379	1267445	1277296	1286936	1296372	1306113	1316442	1327016	1337485	1347495	1356686	1364696	1371156	1375701	1377962	1377251	1373557	1367545	1359882	1351230	1342246	1333577	1325864	1319740	1315834	1313587	1312027	1311164	1311008	1311567	1312854	1314879	1317655	1321194	1325510	1331003	1337894	1345919	1354815	1364316	1374152	1384051	1393735	1402922	1411330	1419058	1426452	1433594	1440566	1447449	1454327	1461285	1468408	1474000	1487963	1504208	1518293	1528517	1537809	1541440	1548901	1554466	1560826	1564356	1572296	1578517	1581776	1584293	1588638	1584661	1574328	1566544	1571477	1574858	1581660	1595919	1611687	1625590	1639041	1656992	1673740	1686418	1695816	1704764	1713820	1719836	1728292	1738643	1749370	1761497	1772693	1783440	1796378	1812683	1826341	1826305	1829542	1840672	1853303	1865279	1879321	1891277	1905616	1915947	1925614	1934408	1956393	1978379	1988698
Nevada	0	4	0	1864	0	0	0	0	0	0	0	0	0	0	0	0	0	0	0	0	0	0	0	0	0	0	0	0	0	0	0	0	0	0	0	0	0	0	0	0	0	0	0	0	0	0	0	0	0	0	0	0	0	0	0	0	0	0	0	0	0	0	0	0	0	22	112	304	633	1130	1824	2735	3876	5251	6857	8823	11308	14318	17827	21769	26040	30492	34942	39171	42941	46273	49340	52115	54578	56714	58512	59966	61075	61839	62266	62128	61294	59917	58151	56148	54055	52007	50131	48543	47355	46310	45148	43963	42847	41887	41165	40763	40764	41255	42335	44291	47237	51017	55462	60368	65492	70547	75205	79107	81875	83394	83927	83672	82839	81643	80293	78997	77955	77359	77406	77992	78852	79952	81252	82715	84302	85972	87684	89395	91058	92624	94112	95577	97075	98667	100412	102375	104621	107220	110246	113578	117083	120826	124874	129301	134186	139611	145668	152455	160083	168670	178244	188776	200232	212568	225734	239666	254293	269529	285278	301643	318816	336827	355702	375470	396160	417802	440425	480000	493223	519989	546736	568910	596713	619847	646823	678134	719345	765121	810215	847656	881538	901978	924921	951032	980614	1023374	1075023	1137382	1220695	1296171	1351367	1411215	1499298	1581578	1666320	1764104	1853191	1934718	2018741	2098399	2173791	2248850	2346222	2432143	2522658	2601072	2653630	2684665	2700551	2700677	2702405	2712730	2743996	2775970	2817628	2866939	2917563	2969905	3027341	3080156	3137166	3194176	3210931
New Hampshire	1	4	2	1788	141885	144291	147494	151354	155731	160475	165429	170427	175290	179832	183858	187442	190813	194005	197051	199987	202850	205679	208513	211392	214360	217395	220443	223497	226545	229578	232586	235559	238486	241357	244160	246921	249663	252373	255038	257645	260180	262630	264981	267218	269328	271195	272769	274128	275354	276530	277738	279061	280584	282393	284574	287250	290407	293924	297679	301547	305400	309105	312528	315531	317976	319918	321529	322836	323870	324662	325241	325640	325891	326024	326073	325774	324952	323763	322366	320917	319571	318483	317806	317694	318300	319660	321637	324128	327027	330230	333631	337119	340584	343913	346991	349887	352762	355627	358495	361380	364295	367253	370269	373356	376529	379871	383413	387096	390860	394643	398381	402011	405466	408681	411588	414190	416555	418712	420692	422525	424242	425873	427451	429006	430571	432048	433347	434515	435601	436652	437716	438843	440080	441477	443082	444885	446828	448892	451062	453320	455647	458026	460439	462867	465293	467683	470040	472394	474778	477224	479763	482430	485256	488276	491524	494914	498366	501920	505619	509503	513616	518002	522704	527768	533242	539019	545001	551241	557793	564714	572061	579892	588270	597258	606921	617300	628374	640107	652466	665417	678921	692940	707435	724000	741932	762173	781699	801824	817073	830025	847025	871860	893974	911893	924250	936621	947720	958134	976863	996753	1025054	1054289	1082576	1104523	1112384	1109929	1117784	1129458	1142560	1157561	1174719	1189425	1205940	1222014	1239882	1255517	1269089	1279840	1290121	1298492	1308389	1312540	1315906	1316102	1316470	1316462	1316762	1320202	1324232	1326622	1333341	1336350	1342307	1348787	1353465	1359711	1380882	1402054	1405105
New Jersey	2	4	2	1787	184138	185672	187625	189940	192557	195417	198458	201618	204832	208031	211149	214281	217556	220948	224429	227972	231547	235124	238672	242160	245554	248821	251972	255042	258070	261094	264153	267289	270543	273957	277575	281380	285324	289398	293594	297902	302315	306823	311417	316087	320823	325433	329821	334114	338448	342961	347793	353090	359003	365687	373305	381836	391125	401150	411883	423299	435370	448064	461350	475192	489554	504619	520561	537324	554849	573073	591925	611330	631209	651474	672035	693212	715307	738177	761674	785637	809895	834267	858560	882574	906096	928840	950820	972281	993478	1014683	1036177	1058254	1081220	1105396	1131115	1158118	1185948	1214655	1244294	1274920	1306589	1339362	1373301	1408469	1444933	1482496	1521017	1560649	1601551	1643894	1687852	1733610	1781362	1831311	1883669	1939468	1999210	2062289	2128058	2195826	2264855	2334360	2403506	2471416	2537167	2600074	2660567	2719397	2777355	2835273	2894016	2954490	3017634	3084429	3155900	3235520	3324457	3420222	3520185	3621559	3721395	3816587	3903889	3979946	4041333	4084189	4109469	4121083	4123046	4119421	4114286	4111712	4115765	4130533	4160165	4201854	4249831	4303886	4363815	4429416	4500486	4576822	4658216	4744458	4835328	4934309	5043863	5162194	5287430	5417607	5550662	5684428	5816633	5944906	6066781	6186811	6310007	6434483	6558273	6679343	6795583	6904825	7004846	7095000	7190282	7281935	7336538	7335240	7335227	7341417	7344079	7342027	7356414	7373048	7376330	7407471	7430970	7467784	7515474	7565530	7622161	7670741	7712333	7726086	7762963	7814676	7880508	7948915	8014306	8083242	8149596	8218808	8287418	8359592	8430621	8492671	8552643	8601402	8634561	8651974	8661679	8677885	8711090	8755602	8791894	8791978	8799446	8828117	8844942	8856972	8864525	8867949	8870827	8885525	8886025	8882190	9086515	9290841	9320865
New Mexico	3	4	3	1912	0	0	0	0	0	0	0	0	0	0	0	0	0	0	0	0	0	0	0	0	0	0	0	0	0	0	0	0	0	0	0	0	0	0	0	0	0	0	0	0	0	0	0	0	0	0	0	0	0	0	0	243	1353	3867	8192	14504	22695	32341	42718	52840	61546	68560	74409	79128	82817	85626	87737	89356	90705	92012	93515	94726	95113	94867	94185	93266	92306	91496	91028	91090	91874	93320	95201	97468	100070	102954	106065	109346	112734	116163	119565	123071	126837	130817	134965	139229	143556	147886	152161	156315	160282	163732	166532	168914	171122	173406	176022	179234	183321	188574	195309	204147	215234	228187	242577	257919	273662	289183	303797	316763	327301	335184	340953	344987	347695	349501	350838	352146	353867	356450	360350	365179	370258	375613	381273	387266	393622	400372	407549	415185	423317	431999	441246	451030	461320	472084	483291	494905	506891	519208	531818	544522	557258	570185	583471	597293	611833	627285	643850	661742	681187	703376	728880	756961	786830	817631	848440	878264	906047	930681	951023	965836	975432	981026	983879	985275	986510	988881	993696	1011000	1023206	1053258	1077815	1104225	1129568	1162682	1195162	1225245	1251848	1280539	1309400	1332747	1363822	1394362	1416719	1438360	1462728	1478519	1490336	1503901	1521574	1555305	1595442	1636453	1682398	1720394	1752326	1774839	1793484	1808082	1821204	1831690	1855309	1877574	1903808	1932274	1962137	1990070	2010662	2036802	2059179	2059199	2064552	2080450	2087309	2092273	2089568	2089291	2091630	2091784	2092741	2096829	2105600	2114371	2115266
New York	4	4	2	1788	340119	352724	369048	388762	411518	436931	464561	493903	524381	555340	586050	617386	650642	685641	722181	760032	798940	838621	878763	919027	959049	998637	1037984	1077293	1116790	1156720	1197349	1238959	1281854	1326357	1372812	1421681	1472958	1526269	1581213	1637355	1694229	1751336	1808147	1864100	1918607	1971138	2021879	2071325	2120001	2168463	2217294	2267104	2318529	2372236	2428921	2488405	2549941	2613389	2678600	2745415	2813669	2883184	2953775	3025246	3097393	3171907	3250014	3330771	3413187	3496220	3578777	3659716	3737848	3811943	3880735	3942790	3998407	4048937	4095781	4140384	4184226	4228821	4275714	4326486	4382759	4443379	4506092	4570896	4637789	4706768	4777832	4850978	4926202	5003501	5082871	5164057	5246966	5331843	5418938	5508510	5600826	5696162	5794801	5897037	6003174	6112506	6224410	6339331	6457726	6580070	6706856	6838592	6975808	7119051	7268894	7429938	7604542	7789835	7982805	8180291	8378968	8575350	8765796	8946519	9113613	9263039	9396044	9516708	9629257	9738042	9847518	9962244	10086886	10226234	10385227	10569848	10778942	11006734	11247233	11494190	11741077	11981086	12207147	12411963	12588066	12732297	12849906	12946086	13026181	13095642	13160000	13224847	13295831	13378665	13479142	13592371	13709723	13831465	13957868	14089211	14225778	14367858	14515750	14669757	14830192	15001757	15186970	15382819	15586223	15794021	16002964	16209720	16410871	16602921	16782303	16958389	17140019	17322714	17501897	17672901	17830974	17971294	18088992	18105000	18271605	18364865	18351767	18194767	18072768	18032254	17974654	17851507	17720421	17633646	17566754	17567731	17589737	17686907	17745676	17791678	17833421	17868844	17941309	17983084	18020784	18122510	18246653	18374954	18459470	18524104	18588460	18656546	18755906	18882725	19001780	19082838	19137800	19175939	19171567	19132610	19104631	19132335	19212436	19307066	19378102	19378144	19399878	19499241	19572932	19624447	19651049	19654666	19633428	19589572	19530351	19453561	19512388	19571216	19469232
North Carolina	5	4	4	1789	393750	398594	404933	412520	421102	430418	440199	450160	460005	469426	478102	486216	494185	502040	509812	517531	525231	532945	540708	548556	556526	564535	572500	580452	588428	596462	604592	612854	621287	629932	638828	648365	658730	669660	680882	692116	703069	713443	722930	731217	737987	742640	745147	746044	745880	745204	744567	744518	745606	748386	753419	760699	769665	780051	791589	804004	817015	830329	843646	856655	869039	881252	893881	906790	919836	932875	945759	958333	970442	981926	992622	1001428	1007872	1012742	1016842	1020983	1025982	1032667	1041878	1054477	1071361	1093510	1120691	1151995	1186477	1223138	1260920	1298695	1335271	1369392	1399750	1426413	1450645	1472922	1493740	1513614	1533076	1552673	1572964	1594526	1617949	1642912	1668646	1695086	1722163	1749804	1777936	1806483	1835366	1864503	1893809	1923355	1953266	1983549	2014206	2045244	2076665	2108476	2140680	2173282	2206287	2238872	2270559	2301882	2333390	2365649	2399237	2434753	2472812	2514049	2559123	2609636	2665962	2726904	2791214	2857588	2924655	2990982	3055073	3115372	3170276	3219449	3264201	3305387	3343897	3380647	3416576	3452645	3489837	3529154	3571623	3616849	3663587	3711598	3760639	3810457	3860794	3911385	3961958	4012235	4061929	4111122	4160142	4209070	4257988	4306980	4356133	4405535	4455278	4505452	4556155	4606338	4655309	4703696	4752146	4801318	4851884	4904531	4959960	5031000	5099150	5200760	5296085	5382441	5461112	5535097	5593463	5668494	5740286	5801563	5898980	5956653	6019108	6077059	6164004	6253957	6321576	6403693	6480591	6565462	6664016	6784280	6897214	7042818	7187398	7344674	7500670	7656825	7809121	7949361	8081614	8210122	8326201	8422501	8553152	8705407	8917270	9118037	9309449	9449566	9535483	9535751	9574323	9657592	9749476	9843336	9932887	10031646	10154788	10268233	10381615	10488084	10661787	10835491	10975017
North Dakota	6	4	1	1889	0	0	0	0	0	0	0	0	0	0	0	0	0	0	0	0	0	0	0	0	0	0	0	0	0	0	0	0	0	0	0	0	0	0	0	0	0	0	0	0	0	0	0	0	0	0	0	0	0	0	0	0	0	0	0	0	0	0	0	0	0	0	0	0	0	0	0	0	0	0	0	6	26	66	133	242	412	669	1051	1608	2405	3490	4901	6698	8951	11737	15139	19251	24174	30019	36909	45373	55909	68532	83151	99549	117369	136114	155152	173727	190983	206338	219977	232212	243441	254126	264782	275972	288308	302455	319145	339156	362402	388329	416294	445543	475211	504319	531784	556438	577055	593348	606148	615933	623224	628578	632570	635794	638846	642335	646871	652110	657222	662103	666648	670750	674302	677195	679321	680573	680844	679816	677420	673934	669635	664797	659694	654593	649760	645454	641935	638887	635868	632936	630148	627561	625233	623220	621578	620365	619635	619622	620392	621761	623544	625554	627605	629509	631077	632119	632445	631865	630468	628488	626160	623715	621384	619395	617977	621000	618851	626659	630937	632411	634212	638469	645293	649168	650648	652152	654380	659504	668972	676687	680499	676979	669513	661141	655330	646351	637685	635753	638223	641216	644804	647832	650382	649716	647532	644259	642023	639062	638168	638817	644705	646089	649422	652822	657569	664968	672591	672576	674715	685225	701176	722036	737401	754066	754434	754942	758080	762062	772994	783926	788940
Northern Mariana Islands	5	7	5	1986	0	0	0	0	0	0	0	0	0	0	0	0	0	0	0	0	0	0	0	0	0	0	0	0	0	0	0	0	0	0	0	0	0	0	0	0	0	0	0	0	0	0	0	0	0	0	0	0	0	0	0	0	0	0	0	0	0	0	0	0	0	0	0	0	0	0	0	0	0	0	0	0	0	0	0	0	0	0	0	0	0	0	0	0	0	0	0	0	0	0	0	0	0	0	0	0	0	0	0	0	0	0	0	0	0	0	0	0	0	0	0	0	0	0	0	0	0	0	0	0	0	0	0	0	0	0	0	0	0	0	0	0	0	0	0	0	0	0	0	0	0	0	0	0	0	0	0	0	0	0	0	0	0	0	0	0	0	0	0	0	0	33	188	542	1151	2037	3177	4502	5900	7220	8290	9022	9468	9668	9680	9570	9403	9245	9160	9209	9459	9845	10263	10726	11250	11853	12552	13369	14327	15454	16780	18395	20357	22642	25217	28040	31051	34181	37342	40434	43345	46239	49314	52494	55690	58805	61732	64357	66560	68221	69220	69382	68716	67393	65590	63481	61235	59009	56951	55199	53883	52872	51951	51116	50362	49686	49082	48548	48080	47674	47329	47072	46968	46864	46873
Ohio	0	5	1	1803	0	141	718	1963	4096	7305	11733	17459	24496	32777	42159	52888	65413	79802	96090	114277	134320	156137	179602	204547	230759	258719	288980	321372	355668	391583	428772	466834	505312	543697	581434	617695	652298	685690	718395	751007	784184	818645	855174	894619	937902	985886	1038362	1094655	1154003	1215551	1278342	1341324	1403344	1463164	1519466	1572490	1623470	1672557	1719926	1765771	1810310	1853776	1896421	1938511	1980329	2021162	2060248	2097811	2134090	2169334	2203805	2237773	2271518	2305331	2339511	2372806	2404174	2434247	2463675	2493126	2523284	2554847	2588535	2625086	2665260	2709732	2758194	2809931	2864206	2920253	2977274	3034440	3090893	3145739	3198062	3248147	3297045	3344966	3392130	3438761	3485092	3531365	3577825	3624726	3672329	3719954	3766945	3813599	3860223	3907134	3954653	4003111	4052846	4104205	4157544	4211686	4265616	4319952	4375329	4432396	4491821	4554290	4620507	4691200	4767120	4850013	4940259	5036555	5137550	5241839	5347960	5454388	5559541	5661775	5759394	5855549	5953703	6052560	6150779	6246977	6339732	6427583	6509041	6582589	6646696	6696123	6729314	6750337	6763328	6772460	6781924	6795923	6818681	6854464	6907612	6975601	7052685	7138450	7232482	7334367	7443687	7560014	7682914	7811939	7946627	8094095	8259215	8438048	8626502	8820302	9014979	9205865	9388102	9556666	9706397	9840176	9964521	10079661	10185852	10283372	10372520	10453616	10526994	10563000	10668839	10734782	10746920	10767205	10765613	10770498	10752731	10771232	10795431	10798562	10800650	10788336	10757085	10737631	10737743	10734926	10730272	10760081	10798554	10829216	10864162	10945762	11029431	11101140	11152454	11202751	11242827	11277357	11311536	11335454	11363543	11387404	11407889	11434788	11452251	11463320	11481213	11500468	11515391	11528896	11536504	11536751	11539336	11544663	11548923	11576684	11602700	11617527	11634370	11659650	11676341	11689100	11737517	11785935	11812173
Oklahoma	1	5	3	1907	0	0	0	0	0	0	0	0	0	0	0	0	0	0	0	0	0	0	0	0	0	0	0	0	0	0	0	0	0	0	0	0	0	0	0	0	0	0	0	0	0	0	0	0	0	0	0	0	0	0	0	0	0	0	0	0	0	0	0	0	0	0	0	0	0	0	0	0	0	0	0	0	0	0	0	0	0	0	0	0	0	0	0	0	0	0	0	0	0	0	0	950	5071	14215	29917	53136	84078	122084	165591	212175	258657	304414	351162	398888	447743	498021	550155	604707	662365	723944	790391	863637	944268	1031126	1122774	1217483	1313234	1407727	1498411	1582526	1657154	1720394	1773209	1817085	1853696	1884853	1912472	1938542	1965117	1994306	2028282	2067060	2108466	2151421	2194806	2237453	2278151	2315650	2348668	2375902	2396039	2408205	2413158	2412072	2406145	2396589	2384613	2371423	2358211	2346159	2336434	2326940	2315308	2302284	2288608	2275012	2262222	2250951	2241912	2235809	2233351	2234242	2237576	2243151	2250769	2260231	2271340	2283898	2297708	2312571	2328284	2344711	2362002	2380380	2400072	2421310	2444333	2469383	2496710	2535000	2566485	2617944	2657448	2694182	2732454	2771858	2823396	2865935	2913056	2970080	3040758	3096159	3206129	3290404	3285535	3271333	3252735	3210124	3167064	3150304	3148825	3175440	3220517	3252285	3280940	3308208	3340129	3372917	3405194	3437147	3454365	3467100	3489080	3504892	3525233	3548597	3594090	3634349	3668976	3717572	3751351	3751582	3759944	3788379	3818814	3853214	3878187	3909500	3926331	3931316	3940235	3956971	4005397	4053824	4088377
Oregon	2	5	0	1859	0	0	0	0	0	0	0	0	0	0	0	0	0	0	0	0	0	0	0	0	0	0	0	0	0	0	0	0	0	0	0	0	0	0	0	0	0	0	0	0	0	0	0	0	0	0	0	0	0	0	0	42	219	606	1269	2260	3605	5306	7332	9625	12093	14815	17941	21459	25339	29533	33979	38598	43294	47956	52465	56639	60430	63925	67229	70465	73770	77295	81205	85680	90922	96890	103397	110447	118043	126183	134863	144075	153807	164045	174768	186393	199246	213148	227887	243218	258858	274493	289770	304308	317704	329286	338965	347230	354611	361667	368984	377172	386869	398748	413535	432082	454329	479649	507345	536635	566637	596370	624754	650627	672765	690788	705526	717572	727567	736180	744104	752051	760748	770938	783389	797940	813748	830569	848147	866215	884496	902700	920526	937662	953786	967819	979442	989486	998802	1008263	1018758	1031194	1046507	1065663	1089684	1119999	1156595	1198338	1244028	1292372	1341977	1391337	1438838	1482769	1521341	1554399	1583481	1609325	1632711	1654451	1675386	1696380	1718317	1742108	1768687	1796868	1825038	1853524	1882662	1912797	1944287	1977501	2012822	2062000	2100388	2149890	2195219	2238878	2280956	2324622	2372155	2439355	2509609	2578312	2641218	2667985	2664919	2653071	2666589	2672648	2683526	2700996	2741297	2790579	2860375	2928507	2991755	3060367	3121264	3184369	3247111	3304310	3352449	3393941	3429708	3467937	3513424	3547376	3569463	3613202	3670883	3722417	3768748	3808600	3831074	3831079	3837491	3872036	3899001	3922468	3963244	4015792	4089976	4143625	4181886	4217737	4225547	4233358	4227337
Pennsylvania	3	5	2	1787	434373	443571	455487	469771	486062	503979	523116	543033	563256	583275	602545	621491	640905	660766	681049	701730	722781	744174	765879	787862	810091	832492	855057	877846	900924	924357	948216	972576	997515	1023113	1049458	1076475	1104053	1132218	1160997	1190418	1220512	1251308	1282838	1315135	1348233	1381702	1415271	1449220	1483843	1519447	1556357	1594908	1635454	1678365	1724033	1773217	1826081	1882109	1940749	2001415	2063481	2126278	2189100	2251198	2311786	2371226	2430466	2489571	2548613	2607670	2666824	2726161	2785773	2845757	2906214	2966531	3026226	3085612	3145018	3204786	3265270	3326839	3389876	3454776	3521951	3590964	3661185	3732742	3805769	3880404	3956790	4035077	4115415	4197965	4282891	4370829	4462050	4556155	4652726	4751327	4851501	4952773	5054647	5156605	5258113	5358573	5458155	5557474	5657170	5757906	5860370	5965274	6073353	6185370	6302115	6425709	6556706	6693510	6834462	6977829	7121804	7264506	7403982	7538211	7665111	7785066	7900232	8011160	8118426	8222630	8324390	8424345	8523149	8621477	8720017	8820136	8921877	9023934	9124967	9223609	9318466	9408118	9491123	9566023	9631350	9683719	9722624	9750944	9771598	9787527	9801689	9817051	9836589	9863294	9900180	9945372	9994745	10047950	10104638	10164459	10227058	10292077	10359154	10427923	10498012	10572251	10652657	10737619	10825504	10914652	11003376	11089960	11172666	11249729	11319366	11383097	11443555	11500610	11554131	11603990	11650059	11692210	11730318	11741000	11811561	11884354	11904541	11885202	11863936	11897778	11887478	11881857	11864774	11873563	11868305	11858569	11845146	11837726	11815175	11770865	11782754	11810869	11845755	11865992	11903299	11982164	12049450	12119724	12166050	12198403	12220464	12227814	12245672	12263805	12284173	12298970	12331031	12374658	12410722	12449990	12510809	12563937	12612285	12666858	12702379	12702868	12711160	12745815	12767118	12776309	12788313	12784826	12782275	12787641	12800922	12801989	12881836	12961683	12951275
Puerto Rico	6	7	5	1899	0	0	0	0	0	0	0	0	0	0	0	0	0	0	0	0	0	0	0	0	0	0	0	0	0	0	0	0	0	0	0	0	0	0	0	0	0	0	0	0	0	0	0	0	0	0	0	0	0	0	0	0	0	0	0	0	0	0	0	0	0	0	0	0	0	0	0	0	0	0	0	0	0	0	0	0	0	0	0	0	0	0	0	0	0	0	0	0	0	0	0	0	0	0	0	0	0	0	0	0	0	0	0	0	0	0	0	0	0	0	0	4529	25406	73004	154918	274062	427502	606032	794499	972864	1118011	1221064	1290422	1329856	1344857	1341909	1327937	1309934	1294765	1289146	1299809	1321208	1343198	1365808	1389065	1412999	1437640	1463020	1489170	1516123	1543913	1572848	1603096	1634480	1666811	1699896	1733533	1767510	1801609	1835602	1869255	1903587	1939431	1976238	2013444	2050460	2086676	2121463	2154174	2184145	2210703	2232389	2248994	2261739	2271872	2280658	2289376	2299314	2311772	2328068	2349544	2375746	2405093	2437255	2471898	2508680	2547251	2587249	2628304	2670031	2712033	2755832	2802746	2852041	2902957	2954709	3006481	3057431	3106688	3153356	3196520	3236193	3273252	3308064	3341012	3372485	3402884	3432618	3462105	3491767	3522037	3553954	3587666	3622258	3656795	3690328	3721888	3750493	3775149	3794856	3808610	3817182	3822002	3823063	3820363	3813906	3803701	3789763	3772114	3750778	3725789	3726157	3721525	3678732	3634488	3593077	3534874	3473232	3406672	3325286	3193354	3193694	3199692	3205691	3191269
Rhode Island	4	5	2	1790	68825	68809	68748	68662	68572	68499	68464	68488	68591	68795	69121	69595	70209	70936	71752	72627	73536	74450	75340	76177	76930	77582	78153	78668	79156	79643	80158	80728	81382	82149	83058	84137	85372	86733	88191	89716	91277	92839	94370	95835	97199	98368	99328	100152	100918	101706	102595	103667	105005	106696	108829	111520	114755	118440	122476	126755	131165	135583	139878	143913	147545	150741	153620	156253	158717	161092	163462	165910	168525	171397	174620	178141	181841	185716	189762	193974	198347	202877	207559	212386	217353	222508	227892	233485	239265	245209	251295	257497	263789	270143	276531	282961	289470	296066	302759	309559	316474	323515	330693	338020	345505	353091	360732	368465	376327	384359	392601	401096	409889	419026	428556	438789	449875	461611	473784	486169	498530	510619	522176	532932	542610	551038	558371	564820	570605	575953	581095	586268	591711	597671	604397	612029	620402	629305	638521	647827	656995	665790	673970	681288	687497	692280	695702	698083	699751	701035	702266	703777	705902	708978	713346	719026	725690	733156	741239	749751	758502	767294	775928	784198	791895	799046	805871	812459	818897	825275	831682	838213	844960	852019	859488	867747	876923	886720	896840	906976	916815	926037	934316	932000	950561	963974	976365	978010	953503	946339	950321	955128	957237	956643	948773	953012	954170	956382	961895	968956	977340	989605	996407	1000666	1005995	1010649	1012581	1015112	1015960	1017002	1020893	1025353	1031155	1040402	1050268	1057142	1065995	1071342	1074579	1067916	1063096	1057315	1055003	1053646	1052567	1052964	1053959	1053649	1054621	1055081	1055936	1056065	1056770	1055673	1058287	1059361	1077661	1095962	1098082
South Carolina	5	5	4	1788	249073	254521	261802	270612	280636	291540	302961	314511	325768	336285	345591	353770	361313	368345	374998	381411	387729	394101	400682	407631	415115	423128	431509	440188	449091	458143	467263	476370	485378	494199	502740	511279	520059	528942	537781	546426	554722	562509	569626	575906	581185	585004	587262	588330	588587	588411	588184	588288	589101	591009	594398	599402	605711	613045	621122	629654	638346	646892	654982	662295	668507	673822	678680	683099	687104	690715	693956	696852	699426	701703	703707	704082	702043	698488	694313	690403	687635	686883	689022	694950	705606	722175	744521	771635	802466	835889	870684	905526	938985	969536	995577	1017279	1036216	1052871	1067759	1081417	1094398	1107271	1120620	1135041	1151149	1168683	1186883	1205623	1224770	1244190	1263742	1283281	1302659	1321723	1340316	1358497	1376453	1394209	1411795	1429238	1446569	1463819	1481019	1498201	1515400	1533015	1551241	1569795	1588388	1606723	1624497	1641401	1657120	1671335	1683724	1693531	1700642	1705697	1709350	1712255	1715073	1718465	1723097	1729638	1738765	1750199	1763101	1777313	1792676	1809028	1826206	1844044	1862372	1881017	1899804	1918945	1938754	1959196	1980236	2001839	2023971	2046593	2069669	2093160	2117027	2141765	2167708	2194570	2222054	2249859	2277676	2305185	2332064	2357979	2382594	2404560	2423436	2440254	2456063	2471929	2488931	2508164	2530742	2570000	2598210	2661836	2718404	2775442	2843199	2900158	2941407	2988979	3041068	3086885	3134502	3179255	3207611	3234068	3271864	3303211	3342759	3380507	3412097	3456777	3501155	3570404	3620464	3663314	3705397	3748582	3796200	3859696	3919235	3974682	4024223	4064995	4107795	4150297	4210921	4270150	4357847	4444110	4528996	4589872	4625364	4625366	4635649	4671994	4717354	4764080	4823617	4891938	4957968	5021268	5084156	5148714	5261134	5373555	5464155
South Dakota	6	5	1	1889	0	0	0	0	0	0	0	0	0	0	0	0	0	0	0	0	0	0	0	0	0	0	0	0	0	0	0	0	0	0	0	0	0	0	0	0	0	0	0	0	0	0	0	0	0	0	0	0	0	0	0	0	0	0	0	0	0	0	0	0	0	18	98	279	589	1045	1647	2375	3190	4034	4837	5466	5874	6124	6299	6491	6797	7325	8206	9610	11776	14875	18970	24191	30658	38464	47673	58307	70342	83705	98268	115129	135422	158906	185148	213495	243063	272742	301222	327033	348600	364601	375326	381719	384863	385910	386048	386471	388380	392991	401570	414277	430009	448183	468176	489311	510844	531965	551803	569432	583888	595073	603798	610464	615495	619330	622421	625223	628200	631817	636547	642485	649208	656406	663764	670961	677668	683549	688267	691480	692849	691879	688648	683675	677481	670582	663486	656692	650688	645952	642960	641479	640873	641018	641790	643067	644727	646647	648705	650778	652740	654964	657792	661044	664543	668108	671559	674710	677378	679374	680514	680570	679611	677888	675654	673160	670658	668395	666618	668000	666641	671382	677389	678939	679877	681420	686843	688992	689293	689018	690851	689584	690597	693009	697250	698404	696036	696034	698160	696698	697101	703669	712801	722159	730790	737925	742213	744223	746058	750412	755844	757972	760020	763729	770396	775493	783033	791623	799124	807067	814180	814198	816166	823579	833566	842316	849129	853988	862996	872868	878698	884659	901988	919318	928767
Tennessee	0	6	4	1796	35691	38725	42689	47585	53414	60161	67795	76257	85463	95295	105602	116823	129470	143448	158624	174820	191815	209340	227079	244674	261727	277976	293550	308637	323460	338270	353345	368991	385539	403349	422813	444500	468455	494274	521503	549631	578087	606247	633429	658903	681904	702084	719870	735658	749878	762987	775462	787801	800515	814136	829210	845698	863039	881000	899344	917819	936165	954112	971379	987679	1002717	1016185	1028181	1039011	1048994	1058456	1067729	1077151	1087069	1097832	1109801	1122363	1134814	1147378	1160284	1173769	1188072	1203441	1220129	1238398	1258520	1281192	1306596	1334221	1363539	1394000	1425026	1456015	1486339	1515345	1542359	1567430	1591231	1614008	1636021	1657536	1678828	1700179	1721878	1744223	1767517	1792010	1817543	1843809	1870495	1897274	1923815	1949775	1974802	1998537	2020616	2040910	2059694	2077201	2093673	2109354	2124495	2139349	2154174	2169233	2184789	2200048	2214287	2227884	2241222	2254689	2268677	2283584	2299814	2317775	2337885	2360338	2384844	2411095	2438779	2467577	2497161	2527197	2557344	2587249	2616556	2645320	2673939	2702559	2731328	2760399	2789928	2820072	2850995	2882861	2915841	2950577	2987284	3025483	3064681	3104375	3144048	3183167	3221190	3257563	3291717	3323242	3352446	3379849	3405985	3431393	3456626	3482240	3508803	3536891	3567089	3598059	3628457	3658870	3689893	3722134	3756211	3792753	3832405	3897000	3936975	4010238	4088445	4138417	4201621	4260829	4329160	4401939	4461639	4533297	4600252	4627662	4646043	4659757	4686743	4715292	4738708	4782939	4822438	4854432	4894492	4966587	5049742	5137584	5231438	5326936	5416643	5499233	5570045	5638706	5703719	5750789	5795918	5847812	5910809	5991057	6088766	6175727	6247411	6306019	6346105	6346276	6355311	6399291	6453898	6494340	6541223	6591170	6646010	6708799	6771631	6829174	6977831	7126489	7204002
Texas	4	2	3	1845	0	0	0	0	0	0	0	0	0	0	0	0	0	0	0	0	0	0	0	0	0	0	0	0	0	0	0	0	0	0	0	0	0	0	0	0	0	0	0	0	0	0	0	0	0	0	0	0	0	0	0	788	4228	11880	25022	44425	70194	101681	137458	175360	212592	249416	287955	327802	368524	409660	450729	491234	530662	568496	604215	634683	658065	676002	690342	703069	716255	732057	752731	780689	818579	868074	928179	997686	1075185	1159001	1247147	1337302	1426809	1512703	1591749	1663883	1731770	1796197	1858050	1918313	1978046	2038387	2100545	2165805	2235527	2309356	2385794	2464528	2545223	2627519	2711032	2795353	2880049	2964661	3048710	3132787	3217671	3303138	3388951	3474863	3560615	3645941	3730564	3814195	3896542	3975734	4050889	4123221	4194001	4264548	4336226	4410446	4488669	4572406	4663227	4764099	4875352	4994582	5119271	5246774	5374311	5498968	5617704	5727367	5824715	5906203	5972785	6028022	6075592	6119253	6162826	6210188	6265278	6332115	6414824	6511561	6617272	6731365	6853234	6982256	7117787	7259157	7405671	7556602	7711194	7873787	8047884	8231373	8422046	8617592	8815587	9013494	9208664	9398343	9579677	9747773	9902432	10047909	10188613	10329092	10474021	10628208	10796607	11045000	11236772	11509640	11758760	12018970	12267865	12568182	12903268	13191790	13497726	13887312	14338208	14746318	15331408	15751674	16007088	16272722	16561103	16621767	16667040	16806729	17056755	17398005	17759738	18161612	18564062	18958751	19340342	19740317	20157531	20558220	20944499	21319622	21690325	22030931	22394023	22778123	23359580	23831983	24309039	24801761	25145561	25146091	25241971	25645629	26084481	26480266	26964333	27470056	27914410	28295273	28628666	28995881	29749591	30503301	30976754
U.S. Virgin Islands	1	7	5	1917	0	0	0	0	0	0	0	0	0	0	0	0	0	0	0	0	0	0	0	0	0	0	0	0	0	0	0	0	0	0	0	0	0	0	0	0	0	0	0	0	0	0	0	0	0	0	0	0	0	0	0	0	0	0	0	0	0	0	0	0	0	0	0	0	0	0	0	0	0	0	0	0	0	0	0	0	0	0	0	0	0	0	0	0	0	0	0	0	0	0	0	0	0	0	0	0	0	0	0	0	0	0	0	0	0	0	0	0	0	0	0	0	0	0	0	0	0	0	0	0	0	104	594	1715	3645	6444	10024	14143	18414	22336	25346	27136	27869	27730	26954	25789	24479	23249	22302	21826	22012	22805	23979	25482	27259	29249	31379	33567	35716	37721	39466	41117	42875	44676	46446	48107	49577	50770	51600	51979	51826	50808	48844	46244	43310	40319	37516	35112	33294	32230	32099	32925	34537	36841	39745	43146	46923	50930	54994	58915	62468	65872	69472	73206	77006	80797	84498	88020	91270	94153	96569	98410	99694	100515	100970	101162	101194	101170	101195	101373	101809	102463	103205	104005	104833	105657	106446	107169	107792	108284	108612	108842	109044	109192	109257	109212	109030	108685	108149	107397	106405	105026	103215	101094	98785	96404	94062	91866	89917	88312	87146	86406	86106	85806	85833
Utah	1	6	0	1896	0	0	0	0	0	0	0	0	0	0	0	0	0	0	0	0	0	0	0	0	0	0	0	0	0	0	0	0	0	0	0	0	0	0	0	0	0	0	0	0	0	0	0	0	0	0	0	0	0	0	0	41	216	603	1267	2252	3575	5219	7131	9224	11380	13593	15949	18445	21081	23863	26795	29889	33156	36611	40273	44149	48230	52508	56972	61608	66402	71337	76394	81551	86786	92093	97484	102959	108522	114175	119923	125769	131720	137782	143963	150279	156732	163303	169973	176721	183523	190356	197195	204011	210779	217377	223753	229981	236141	242318	248601	255084	261866	269051	276749	285104	294109	303645	313583	323787	334110	344397	354482	364194	373351	382014	390382	398474	406312	413919	421319	428538	435605	442547	449396	456093	462570	468836	474903	480784	486491	492036	497435	502700	507847	512394	516049	519114	521895	524702	527850	531658	536447	542550	550310	559714	570441	582373	595388	609364	624170	639669	655720	672170	688862	706343	725122	744961	765610	786805	808265	829694	850784	871207	890627	908209	923772	937972	951490	965030	979316	995094	1013137	1047000	1065672	1100733	1134601	1168784	1198793	1233935	1272365	1316421	1364235	1416094	1472595	1515472	1558314	1594943	1622342	1642910	1662833	1678120	1689372	1705865	1731223	1779780	1836799	1898404	1960446	2014177	2067976	2119784	2165960	2203482	2244502	2283715	2324815	2360137	2401580	2457719	2525507	2597746	2663029	2723421	2763885	2763891	2775332	2814384	2853375	2897640	2936879	2981835	3041868	3101042	3153550	3205958	3311846	3417734	3454232
Vermont	2	6	2	1791	85425	89037	93888	99824	106683	114277	122389	130769	139127	147143	154465	161382	168385	175402	182353	189155	195720	201955	207764	213050	217713	221456	224183	226103	227434	228399	229226	230143	231381	233175	235764	239223	243364	248026	253046	258252	263469	268511	273187	277301	280651	283174	285025	286336	287243	287884	288395	288917	289590	290553	291948	293801	295985	298407	300976	303599	306179	308620	310823	312690	314119	315028	315471	315553	315382	315067	314716	314435	314334	314519	315098	316107	317458	319068	320854	322733	324621	326433	328083	329485	330551	331295	331814	332145	332324	332388	332375	332321	332264	332239	332285	332315	332239	332098	331928	331767	331653	331624	331717	331970	332422	333085	333931	334929	336048	337260	338534	339840	341147	342424	343641	344897	346281	347743	349234	350704	352102	353378	354479	355356	355956	356200	356098	355730	355176	354516	353831	353200	352703	352419	352428	352744	353295	354026	354884	355813	356758	357667	358482	359148	359611	359796	359722	359467	359109	358729	358404	358213	358234	358547	359230	360333	361802	363563	365542	367664	369853	372034	374129	376059	377747	379044	379950	380603	381142	381707	382440	383480	384971	387055	389881	393482	397738	402559	407856	413537	419508	425674	431934	437000	446323	454357	463214	468533	473138	479894	485144	492174	498284	505711	512524	515594	519108	523302	526658	530035	534066	540267	549763	557708	564798	568606	572751	577748	583836	589002	593701	597239	600416	604683	609618	612223	615442	617858	619920	621215	622892	623481	624151	624817	625741	625737	625879	627049	626090	626210	625214	625216	623657	624344	624358	623989	635726	647464	647818
Virginia	3	6	4	1788	747809	755897	766638	779543	794110	809827	826157	842544	858410	873151	886149	897672	908485	918697	928420	937771	946868	955831	964783	973848	983151	992341	1001087	1009551	1017898	1026295	1034912	1043921	1053498	1063820	1075069	1087856	1102361	1118108	1134615	1151385	1167910	1183668	1198127	1210745	1220978	1228083	1232188	1234060	1234475	1234211	1234044	1234745	1237084	1241831	1249764	1260903	1274483	1290109	1307379	1325882	1345196	1364887	1384504	1403587	1421660	1439513	1458068	1477038	1496132	1515055	1533501	1551165	1567733	1582890	1596317	1606148	1611633	1220027	1216046	1211829	1208461	1207023	1208594	1214267	1225163	1242304	1265206	1292750	1323790	1357136	1391540	1425688	1458205	1487657	1512565	1533028	1550522	1565623	1578926	1591044	1602599	1614222	1626557	1640255	1655980	1673433	1691780	1710887	1730621	1750842	1771408	1792176	1812996	1833717	1854183	1874389	1894487	1914558	1934688	1954961	1975466	1996291	2017528	2039270	2061612	2085225	2110406	2136683	2163573	2190580	2217196	2242901	2267162	2289440	2309186	2325555	2338596	2349117	2357935	2365877	2373777	2382473	2392813	2405650	2421851	2439873	2457974	2476737	2496751	2518619	2542953	2570380	2601544	2637112	2677773	2724919	2778793	2838360	2902551	2970254	3040304	3111479	3182500	3252031	3318680	3383284	3447691	3511986	3576258	3640600	3705112	3769895	3835055	3900702	3966948	4033742	4100930	4168479	4236357	4304527	4372954	4441603	4510434	4614000	4659930	4752846	4828131	4906648	4978155	5056385	5132693	5205706	5284122	5324533	5368334	5444094	5492785	5564662	5643868	5715149	5811692	5932273	6036908	6120246	6216884	6301217	6414307	6509630	6593139	6670693	6750884	6829183	6900918	7000174	7105817	7198362	7286873	7366977	7475575	7577105	7673725	7751000	7833496	7925937	8001024	8001049	8023699	8101155	8185080	8252427	8310993	8361808	8410106	8463587	8501286	8535519	8625608	8715698	8752297
Washington	4	6	0	1889	0	0	0	0	0	0	0	0	0	0	0	0	0	0	0	0	0	0	0	0	0	0	0	0	0	0	0	0	0	0	0	0	0	0	0	0	0	0	0	0	0	0	0	0	0	0	0	0	0	0	0	3	16	44	90	162	267	414	610	869	1201	1641	2229	2976	3886	4954	6161	7476	8857	10251	11594	12793	13829	14746	15603	16469	17418	18537	19922	21684	23954	26523	29153	31976	35151	38864	43337	48837	55687	64284	75116	89440	108204	131397	158787	189839	223676	259059	294407	327835	357232	380738	398639	412149	422702	431865	441293	452719	467972	489030	518103	557460	606989	665437	731261	802532	876873	951444	1022966	1087787	1141990	1184903	1219264	1246296	1267382	1284010	1297746	1310206	1323041	1337937	1356621	1377828	1399083	1420325	1441494	1462528	1483363	1503935	1524177	1544020	1563395	1580353	1593829	1605116	1615530	1626407	1639101	1654990	1675483	1702040	1736190	1779807	1832680	1893245	1959858	2030768	2104091	2177802	2249735	2317593	2378962	2434148	2485552	2533882	2579888	2624353	2668097	2711964	2756831	2803602	2853214	2904688	2956535	3008946	3062120	3116261	3171582	3228302	3286649	3343000	3417362	3446958	3446815	3477227	3547877	3618824	3690561	3772360	3886191	4012831	4154678	4235728	4276551	4300269	4343657	4400096	4452724	4531903	4639894	4746315	4903043	5025624	5160757	5278842	5375161	5481027	5569753	5674747	5769562	5842564	5910512	5985722	6052349	6104115	6178645	6257305	6370753	6461587	6562231	6667426	6724540	6724540	6742830	6826627	6897058	6963985	7054655	7163657	7294771	7423362	7523869	7614893	7713886	7812880	7841283
West Virginia	5	6	4	1863	0	0	0	0	0	0	0	0	0	0	0	0	0	0	0	0	0	0	0	0	0	0	0	0	0	0	0	0	0	0	0	0	0	0	0	0	0	0	0	0	0	0	0	0	0	0	0	0	0	0	0	0	0	0	0	0	0	0	0	0	0	0	0	0	0	0	0	0	0	0	0	0	0	394131	399077	404103	409529	415685	422912	431563	442014	454680	469498	486122	504184	523291	543018	562906	582462	601163	618457	634306	649195	663344	676987	690372	703756	717406	731600	746629	762794	779879	797474	815598	834267	853500	873316	893733	914773	936454	958800	982183	1006828	1032521	1059034	1086130	1113558	1141054	1168340	1195128	1221118	1246289	1270903	1295083	1318957	1342661	1366334	1390121	1414173	1438646	1463700	1489670	1516591	1544173	1572117	1600111	1627834	1654951	1681122	1705993	1729205	1750828	1771233	1790509	1808748	1826046	1842502	1858217	1873296	1887845	1901974	1916353	1931245	1946132	1960493	1973796	1985504	1995077	2001969	2005640	2005552	2000894	1991779	1979068	1963619	1946288	1927919	1909340	1891367	1874798	1860420	1846197	1830186	1813301	1796438	1780480	1766290	1754724	1746626	1746000	1746629	1770252	1796910	1805293	1814048	1840548	1877440	1905628	1920342	1939062	1951349	1954125	1949605	1945058	1927696	1906831	1882352	1857583	1830213	1806570	1792548	1798735	1806451	1817539	1820421	1823700	1822808	1819113	1815609	1811799	1807021	1801481	1805414	1812295	1816438	1820492	1827912	1834052	1840310	1847775	1852994	1853018	1854239	1856301	1856872	1853914	1849489	1842050	1831023	1817004	1804291	1792147	1781109	1770071	1766107
Wisconsin	6	6	1	1848	0	0	0	0	0	0	0	0	0	0	0	0	0	0	0	0	0	0	0	0	0	5	29	82	174	309	488	705	948	1201	1444	1635	1761	1840	1898	1961	2061	2231	2511	2954	3635	4475	5367	6382	7619	9206	11317	14183	18113	23517	30945	41301	55375	73583	96177	123186	154368	189180	226772	265987	305391	346011	389728	436111	484612	534569	585211	635665	684966	732071	775881	815312	850340	881509	909465	934936	958719	981664	1004669	1028676	1054669	1081337	1106896	1131681	1156049	1180371	1205035	1230449	1257033	1285229	1315496	1348084	1382726	1419116	1456933	1495835	1535462	1575434	1615352	1654796	1693330	1731607	1770425	1809541	1848701	1887639	1926079	1963738	2000320	2035525	2069042	2100350	2129408	2156634	2182462	2207338	2231720	2256078	2280892	2306652	2333860	2362240	2391133	2420470	2450180	2480190	2510425	2540809	2571265	2601711	2632067	2662867	2694502	2726663	2759032	2791287	2823097	2854121	2884016	2912430	2939006	2963066	2984562	3004091	3022257	3039675	3056967	3074763	3093700	3114423	3137587	3162240	3187187	3212730	3239174	3266829	3296012	3327044	3360256	3395984	3434575	3477045	3523684	3573737	3626429	3680966	3736528	3792272	3847327	3900801	3951776	4001396	4051218	4100926	4150199	4198705	4246109	4292065	4336225	4378000	4425944	4459968	4498433	4518461	4538173	4569616	4584688	4613299	4631944	4665911	4712045	4726345	4728862	4721438	4735571	4747765	4755625	4777923	4822391	4856568	4904562	4964343	5025398	5084889	5133678	5184836	5229986	5266213	5297672	5332666	5373999	5406835	5445162	5479203	5514026	5546166	5577655	5610775	5640996	5669264	5686986	5687285	5690475	5705288	5719960	5736754	5751525	5760940	5772628	5790186	5807406	5822434	5866694	5910955	5931367
Wyoming	0	7	0	1890	0	0	0	0	0	0	0	0	0	0	0	0	0	0	0	0	0	0	0	0	0	0	0	0	0	0	0	0	0	0	0	0	0	0	0	0	0	0	0	0	0	0	0	0	0	0	0	0	0	0	0	0	0	0	0	0	0	0	0	0	0	0	0	0	0	0	0	0	0	0	0	34	188	533	1126	1998	3144	4525	6061	7639	9118	10403	11514	12484	13360	14204	15087	16089	17300	18825	20789	23314	26417	30063	34196	38734	43566	48549	53512	58254	62555	66311	69623	72573	75258	77787	80277	82857	85661	88834	92530	96781	101470	106536	111913	117527	123295	129126	134921	140572	145964	151181	156371	161515	166591	171579	176457	181201	185788	190197	194402	198341	201993	205392	208578	211590	214470	217263	220012	222764	225565	228287	230807	233182	235469	237728	240018	242401	244940	247698	250741	254092	257699	261522	265516	269639	273844	278085	282313	286478	290529	294653	299012	303508	308041	312508	316803	320818	324442	327562	330066	331307	331036	329736	327894	325996	324519	323941	324737	329000	333795	340023	346863	353353	364548	380477	395446	411530	430897	451850	474185	491712	506400	510344	504895	499696	495633	476966	465103	458373	453690	459260	466251	473081	480283	485160	488167	489451	490787	491780	494300	494657	500017	503453	509106	514157	522667	534876	546043	559851	563626	563775	564487	567299	576305	582122	582531	585613	584215	578931	577601	578759	581408	584057	586485
